RSRP,RSRQ,RSSI,SINR,FB,EI,CI,network,LATITUDE,LONGITUDE,Hb,id,Husr,deltaH,L,D,the,phi,RSP
-79,-10,-55,2.1,1650,751630,21,0,24.827685,102.848255,1998,1,1970,28,80.57,85.3,245.5,-19.17,3.4
-78,-10,-69,11,1650,751630,21,0,24.827707,102.848242,1998,2,1970,28,80.7,85.42,247.35,-19.15,3.4
-81,-10,-69,2.1,1650,751630,21,0,24.827715,102.848233,1998,3,1970,28,81.17,85.86,248.13,-19.05,3.4
-81,-10,-69,2.1,1650,751630,21,0,24.827725,102.848228,1998,4,1970,28,81.2,85.89,248.94,-19.04,3.4
-82,-10,-69,2,1650,751630,21,0,24.827725,102.848228,1998,5,1970,28,81.2,85.89,248.94,-19.04,3.4
-86,-12,-69,1.9,1650,751630,21,0,24.827725,102.848228,1998,6,1970,28,81.2,85.89,248.94,-19.04,3.4
-86,-12,-69,1.9,1650,751630,21,0,24.827725,102.848228,1998,7,1970,28,81.2,85.89,248.94,-19.04,3.4
-83,-11,-75,2,1650,751630,21,0,24.827735,102.848232,1998,8,1970,28,80.4,85.14,249.51,-19.22,3.4
-84,-11,-75,2,1650,751630,21,0,24.827735,102.848232,1998,9,1970,28,80.4,85.14,249.51,-19.22,3.4
-84,-11,-75,2,1650,751630,21,0,24.827763,102.848222,1998,10,1970,28,80.22,84.97,251.68,-19.26,3.4
-84,-11,-75,2,1650,751630,21,0,24.827778,102.848218,1998,11,1970,28,80.05,84.81,252.81,-19.3,3.4
-84,-10,-75,1.9,1650,751630,31,0,24.827792,102.848215,1998,12,1970,28,79.86,84.63,253.85,-19.34,3.4
-84,-10,-75,1.9,1650,751630,31,0,24.827805,102.84821,1998,13,1970,28,79.92,84.68,254.87,-19.33,3.4
-85,-10,-75,1.9,1650,751630,31,0,24.82782,102.848203,1998,14,1970,28,80.15,84.9,256.05,-19.28,3.4
-85,-10,-75,1.9,1650,751630,31,0,24.827832,102.8482,1998,15,1970,28,80.1,84.85,256.95,-19.29,3.4
-84,-12,-73,2,1650,751630,31,0,24.827843,102.848193,1998,16,1970,28,80.5,85.23,257.84,-19.2,3.4
-84,-12,-73,2,1650,751630,31,0,24.82786,102.848185,1998,17,1970,28,80.88,85.59,259.16,-19.12,3.4
-82,-11,-73,2,1650,751630,31,0,24.827872,102.848182,1998,18,1972,26,80.91,84.98,260.04,-17.84,3.4
-84,-9,-73,1.9,1650,751630,31,0,24.828347,102.847503,1998,19,1975,23,152.73,154.45,282.95,-8.58,3.4
-84,-9,-73,1.9,1650,751630,31,0,24.828347,102.847515,1998,20,1975,23,151.55,153.29,283.06,-8.64,3.4
-87,-10,-73,1.8,1650,751630,31,0,24.828347,102.847525,1998,21,1975,23,150.57,152.32,283.15,-8.7,3.4
-78,-7,-73,2.1,1650,751630,31,0,24.82835,102.847543,1998,22,1975,23,148.9,150.67,283.42,-8.79,3.4
-78,-7,-73,2.1,1650,751630,31,0,24.828353,102.847553,1998,23,1975,23,148,149.78,283.63,-8.84,3.4
-78,-7,-73,2.1,1650,751630,31,0,24.828357,102.847563,1998,24,1975,23,147.14,148.93,283.87,-8.9,3.4
-80,-7,-73,2,1650,751630,31,0,24.82836,102.847575,1998,25,1975,23,146.06,147.86,284.1,-8.96,3.4
-83,-8,-59,1.9,1650,751630,31,0,24.828377,102.84762,1998,26,1975,23,142.2,144.05,285.23,-9.2,3.4
-83,-8,-68,1.9,1650,751630,31,0,24.828377,102.847632,1998,27,1975,23,141.04,142.9,285.36,-9.27,3.4
-86,-10,-63,1.8,1650,751630,31,0,24.828372,102.847655,1998,28,1975,23,138.66,140.55,285.41,-9.43,3.4
-78,-8,-57,2.1,1650,751630,31,0,24.828372,102.847655,1998,29,1975,23,138.66,140.55,285.41,-9.43,3.4
-78,-8,-59,2.1,1650,751630,31,0,24.828365,102.847673,1998,30,1975,23,136.69,138.61,285.33,-9.56,3.4
-78,-8,-60,2.1,1650,751630,31,0,24.828362,102.847683,1998,31,1975,23,135.63,137.57,285.32,-9.64,3.4
-77,-8,-69,2.2,1650,751630,31,0,24.82836,102.847693,1998,32,1975,23,134.59,136.54,285.35,-9.71,3.4
-75,-9,-69,2.3,1650,751630,31,0,24.828355,102.847745,1998,33,1975,23,129.4,131.43,285.75,-10.09,3.4
-75,-9,-69,2.3,1650,751630,31,0,24.828355,102.847767,1998,34,1975,23,127.28,129.34,286.03,-10.26,3.4
-82,-8,-69,1.9,1650,751630,31,0,24.828358,102.847777,1998,35,1975,23,126.42,128.5,286.29,-10.32,3.4
-82,-8,-69,1.9,1650,751630,31,0,24.82836,102.847788,1998,36,1975,23,125.43,127.52,286.52,-10.4,3.4
-84,-10,-71,1.9,1650,751630,31,0,24.828358,102.8478,1998,37,1975,23,124.21,126.32,286.59,-10.5,3.4
-84,-10,-71,1.9,1650,751630,31,0,24.828358,102.847813,1998,38,1975,23,122.96,125.09,286.77,-10.61,3.4
-83,-9,-71,2,1650,751630,31,0,24.828355,102.847877,1998,39,1975,23,116.72,118.96,287.55,-11.16,3.4
-83,-9,-71,2,1650,751630,31,0,24.828355,102.847897,1998,40,1975,23,114.81,117.09,287.86,-11.34,3.4
-84,-9,-71,1.9,1650,751630,31,0,24.828357,102.847908,1998,41,1975,23,113.84,116.14,288.13,-11.43,3.4
-77,-10,-75,10,1650,751630,31,0,24.828362,102.847932,1998,42,1975,23,111.75,114.09,288.77,-11.64,3.4
-83,-9,-75,2,1650,751630,31,0,24.828363,102.847943,1998,43,1975,23,110.75,113.11,289,-11.74,3.4
-83,-9,-75,2,1650,751630,31,0,24.828362,102.847953,1998,44,1975,23,109.77,112.15,289.13,-11.85,3.4
-86,-11,-75,1.9,1650,751630,31,0,24.82836,102.847965,1998,45,1975,23,108.55,110.96,289.24,-11.97,3.4
-86,-11,-75,1.9,1650,751630,31,0,24.82836,102.847975,1998,46,1975,23,107.61,110.04,289.42,-12.08,3.4
-84,-11,-75,1.9,1650,751630,31,0,24.828358,102.847995,1998,47,1975,23,105.64,108.11,289.68,-12.29,3.4
-75,-8,-71,2.3,1650,751630,31,0,24.828362,102.848082,1998,48,1975,23,97.68,100.35,291.67,-13.26,3.4
-75,-8,-71,2.3,1650,751630,31,0,24.828365,102.848093,1998,49,1975,23,96.8,99.49,292.08,-13.38,3.4
-75,-8,-71,2.3,1650,751630,31,0,24.828365,102.848103,1998,50,1975,23,95.88,98.6,292.31,-13.5,3.4
-75,-8,-71,2.3,1650,751630,31,0,24.82837,102.84813,1998,51,1975,23,93.63,96.41,293.25,-13.81,3.4
-76,-9,-71,2.3,1650,751630,31,0,24.82837,102.84813,1998,52,1975,23,93.63,96.41,293.25,-13.81,3.4
-80,-11,-63,2.2,1650,751630,31,0,24.82817,102.84834,1998,53,1975,23,65.91,69.81,284.29,-19.26,3.4
-78,-9,-71,14.7,1650,751630,31,0,24.828258,102.848335,1998,54,1975,23,69.64,73.34,291.39,-18.29,3.4
-80,-10,-71,2.1,1650,751630,31,0,24.82826,102.848345,1998,55,1975,23,68.8,72.54,291.86,-18.5,3.4
-80,-10,-71,2.1,1650,751630,31,0,24.82826,102.848345,1998,56,1975,23,68.8,72.54,291.86,-18.5,3.4
-79,-8,-71,2.1,1650,751630,31,0,24.82826,102.848345,1998,57,1975,23,68.8,72.54,291.86,-18.5,3.4
-79,-8,-71,2.1,1650,751630,31,0,24.82826,102.848345,1998,58,1975,23,68.8,72.54,291.86,-18.5,3.4
-82,-10,-71,2,1650,751630,31,0,24.82826,102.848345,1998,59,1975,23,68.8,72.54,291.86,-18.5,3.4
-76,-11,-71,2.3,1650,751630,31,0,24.82826,102.848345,1998,60,1975,23,68.8,72.54,291.86,-18.5,3.4
-76,-11,-71,2.3,1650,751630,31,0,24.82827,102.848348,1998,61,1975,23,68.98,72.71,292.75,-18.45,3.4
-80,-10,-69,2.1,1650,751630,31,0,24.82827,102.848348,1998,62,1975,23,68.98,72.71,292.75,-18.45,3.4
-80,-10,-69,2.1,1650,751630,31,0,24.82827,102.848348,1998,63,1975,23,68.98,72.71,292.75,-18.45,3.4
-79,-11,-69,2.2,1650,751630,31,0,24.828262,102.848353,1998,64,1975,23,68.15,71.93,292.28,-18.66,3.4
-79,-11,-69,2.2,1650,751630,31,0,24.828262,102.848353,1998,65,1975,23,68.15,71.93,292.28,-18.66,3.4
-79,-9,-69,2.1,1650,751630,21,0,24.828243,102.848358,1998,66,1975,23,66.85,70.7,290.91,-19,3.4
-80,-9,-69,2.1,1650,751630,21,0,24.828243,102.848358,1998,67,1975,23,66.85,70.7,290.91,-19,3.4
-80,-9,-69,2.1,1650,751630,21,0,24.828233,102.848365,1998,68,1975,23,65.77,69.68,290.3,-19.29,3.4
-80,-9,-69,2.1,1650,751630,21,0,24.828233,102.848365,1998,69,1975,23,65.77,69.68,290.3,-19.29,3.4
-81,-8,-69,2,1650,751630,21,0,24.828222,102.848368,1998,70,1975,23,65.04,68.99,289.46,-19.49,3.4
-78,-9,-71,9.7,1650,751630,21,0,24.828222,102.848368,1998,71,1975,23,65.04,68.99,289.46,-19.49,3.4
-78,-8,-71,2.1,1650,751630,21,0,24.82821,102.848372,1998,72,1975,23,64.19,68.19,288.55,-19.73,3.4
-78,-8,-71,2.1,1650,751630,21,0,24.82821,102.848372,1998,73,1975,23,64.19,68.19,288.55,-19.73,3.4
-83,-11,-71,2,1650,751630,21,0,24.828202,102.848382,1998,74,1975,23,62.94,67.01,288.14,-20.09,3.4
-83,-11,-71,2,1650,751630,21,0,24.828198,102.848392,1998,75,1975,23,61.84,65.98,288.08,-20.42,3.4
-81,-10,-71,2.1,1650,751630,31,0,24.828198,102.848392,1998,76,1975,23,61.84,65.98,288.08,-20.42,3.4
-81,-10,-71,2.1,1650,751630,31,0,24.828198,102.848392,1998,77,1975,23,61.84,65.98,288.08,-20.42,3.4
-82,-10,-71,2,1650,751630,31,0,24.828193,102.848402,1998,78,1975,23,60.7,64.91,287.92,-20.77,3.4
-82,-10,-71,2,1650,751630,31,0,24.828193,102.848402,1998,79,1975,23,60.7,64.91,287.92,-20.77,3.4
-83,-8,-73,1.9,1650,751630,21,0,24.828193,102.848402,1998,80,1975,23,60.7,64.91,287.92,-20.77,3.4
-83,-8,-73,1.9,1650,751630,21,0,24.828193,102.848402,1998,81,1975,23,60.7,64.91,287.92,-20.77,3.4
-82,-9,-73,2,1650,751630,21,0,24.828193,102.848402,1998,82,1975,23,60.7,64.91,287.92,-20.77,3.4
-82,-9,-73,2,1650,751630,21,0,24.828193,102.848402,1998,83,1975,23,60.7,64.91,287.92,-20.77,3.4
-82,-10,-73,2,1650,751630,21,0,24.828193,102.848402,1998,84,1975,23,60.7,64.91,287.92,-20.77,3.4
-82,-10,-73,2,1650,751630,21,0,24.828193,102.848402,1998,85,1975,23,60.7,64.91,287.92,-20.77,3.4
-81,-8,-73,2,1650,751630,21,0,24.828185,102.848408,1998,86,1975,23,59.84,64.11,287.35,-21.05,3.4
-81,-8,-73,2,1650,751630,21,0,24.828185,102.848408,1998,87,1975,23,59.84,64.11,287.35,-21.05,3.4
-89,-10,-73,1.7,1650,751630,21,0,24.828185,102.848408,1998,88,1975,23,59.84,64.11,287.35,-21.05,3.4
-89,-10,-73,1.7,1650,751630,21,0,24.828185,102.848408,1998,89,1975,23,59.84,64.11,287.35,-21.05,3.4
-86,-10,-77,1.8,1650,751630,21,0,24.828185,102.848408,1998,90,1975,23,59.84,64.11,287.35,-21.05,3.4
-86,-10,-77,1.8,1650,751630,21,0,24.828185,102.848408,1998,91,1975,23,59.84,64.11,287.35,-21.05,3.4
-81,-10,-77,2.1,1650,751630,21,0,24.828172,102.848423,1998,92,1975,23,57.94,62.34,286.55,-21.67,3.4
-81,-10,-77,2.1,1650,751630,21,0,24.828162,102.848423,1998,93,1975,23,57.61,62.03,285.58,-21.79,3.4
-85,-8,-77,1.8,1650,751630,21,0,24.828162,102.848423,1998,94,1975,23,57.61,62.03,285.58,-21.79,3.4
-83,-9,-77,2,1650,751630,21,0,24.828162,102.848423,1998,95,1975,23,57.61,62.03,285.58,-21.79,3.4
-83,-9,-77,2,1650,751630,21,0,24.828153,102.848432,1998,96,1975,23,56.45,60.96,284.94,-22.19,3.4
-83,-9,-77,2,1650,751630,21,0,24.828153,102.848432,1998,97,1975,23,56.45,60.96,284.94,-22.19,3.4
-82,-10,-77,2,1650,751630,21,0,24.828153,102.848432,1998,98,1975,23,56.45,60.96,284.94,-22.19,3.4
-83,-10,-73,4,1650,751630,21,0,24.828153,102.848432,1998,99,1975,23,56.45,60.96,284.94,-22.19,3.4
-82,-11,-73,2.1,1650,751630,21,0,24.828153,102.848432,1998,100,1975,23,56.45,60.96,284.94,-22.19,3.4
-82,-11,-73,2.1,1650,751630,21,0,24.828153,102.848432,1998,101,1975,23,56.45,60.96,284.94,-22.19,3.4
-82,-10,-73,2,1650,751630,21,0,24.828153,102.848432,1998,102,1975,23,56.45,60.96,284.94,-22.19,3.4
-82,-10,-73,2,1650,751630,21,0,24.828153,102.848432,1998,103,1975,23,56.45,60.96,284.94,-22.19,3.4
-81,-11,-73,2.1,1650,751630,21,0,24.828153,102.848432,1998,104,1975,23,56.45,60.96,284.94,-22.19,3.4
-81,-11,-73,2.1,1650,751630,21,0,24.828153,102.848432,1998,105,1975,23,56.45,60.96,284.94,-22.19,3.4
-83,-10,-73,2,1650,751630,21,0,24.828153,102.848432,1998,106,1975,23,56.45,60.96,284.94,-22.19,3.4
-83,-10,-73,2,1650,751630,21,0,24.828153,102.848432,1998,107,1975,23,56.45,60.96,284.94,-22.19,3.4
-82,-10,-73,2,1650,751630,21,0,24.828153,102.848432,1998,108,1975,23,56.45,60.96,284.94,-22.19,3.4
-82,-10,-73,2,1650,751630,21,0,24.828153,102.848432,1998,109,1975,23,56.45,60.96,284.94,-22.19,3.4
-84,-9,-73,1.8,1650,751630,21,0,24.828153,102.848432,1998,110,1975,23,56.45,60.96,284.94,-22.19,3.4
-84,-9,-73,1.8,1650,751630,21,0,24.828153,102.848432,1998,111,1975,23,56.45,60.96,284.94,-22.19,3.4
-86,-9,-73,1.8,1650,751630,21,0,24.828153,102.848432,1998,112,1975,23,56.45,60.96,284.94,-22.19,3.4
-86,-9,-73,1.8,1650,751630,21,0,24.828125,102.848465,1998,113,1973,25,52.42,58.08,282.88,-25.53,3.4
-83,-9,-73,2,1650,751630,21,0,24.828118,102.848475,1998,114,1973,25,51.25,57.02,282.36,-26.03,3.4
-82,-11,-73,7.5,1650,751630,21,0,24.828118,102.848475,1998,115,1973,25,51.25,57.02,282.36,-26.03,3.4
-80,-9,-73,2.1,1650,751630,21,0,24.828112,102.848485,1998,116,1973,25,50.12,56.01,281.92,-26.54,3.4
-82,-9,-73,2,1650,751630,21,0,24.828112,102.848485,1998,117,1973,25,50.12,56.01,281.92,-26.54,3.4
-82,-9,-73,2,1650,751630,21,0,24.828107,102.848497,1998,118,1973,25,48.81,54.84,281.64,-27.15,3.4
-82,-9,-73,2,1650,751630,21,0,24.828107,102.848497,1998,119,1973,25,48.81,54.84,281.64,-27.15,3.4
-76,-8,-73,2.3,1650,751630,31,0,24.828098,102.848505,1998,120,1973,25,47.81,53.95,280.76,-27.64,3.4
-76,-8,-73,2.3,1650,751630,31,0,24.828083,102.848507,1998,121,1973,25,47.3,53.5,279,-27.9,3.4
-76,-8,-73,2.3,1650,751630,31,0,24.828083,102.848507,1998,122,1973,25,47.3,53.5,279,-27.9,3.4
-75,-9,-73,2.3,1650,751630,31,0,24.828067,102.848513,1998,123,1973,25,46.43,52.73,277.14,-28.34,3.4
-75,-10,-67,16.7,1650,751630,31,0,24.82805,102.848517,1998,124,1973,25,45.81,52.19,275.07,-28.66,3.4
-79,-10,-67,2.2,1650,751630,31,0,24.82804,102.84852,1998,125,1973,25,45.41,51.84,273.83,-28.88,3.4
-76,-9,-67,2.3,1650,751630,31,0,24.82804,102.84852,1998,126,1973,25,45.41,51.84,273.83,-28.88,3.4
-76,-9,-67,2.3,1650,751630,31,0,24.828025,102.848528,1998,127,1973,25,44.51,51.05,271.95,-29.36,3.4
-78,-10,-67,2.2,1650,751630,31,0,24.828025,102.848528,1998,128,1973,25,44.51,51.05,271.95,-29.36,3.4
-78,-10,-67,2.2,1650,751630,31,0,24.82801,102.848533,1998,129,1973,25,43.97,50.58,270,-29.66,3.4
-78,-10,-67,2.2,1650,751630,31,0,24.827997,102.84854,1998,130,1973,25,43.29,49.99,268.26,-30.05,3.4
-75,-7,-73,2.3,1650,751630,21,0,24.827952,102.848562,1998,131,1973,25,41.54,48.48,261.87,-31.08,3.4
-75,-7,-73,2.3,1650,751630,21,0,24.827942,102.848568,1998,132,1973,25,41.13,48.13,260.35,-31.33,3.4
-75,-9,-73,2.3,1650,751630,21,0,24.827935,102.84858,1998,133,1973,25,40.09,47.25,259.06,-31.98,3.4
-75,-9,-73,2.3,1650,751630,21,0,24.82793,102.84859,1998,134,1973,25,39.23,46.52,258.05,-32.55,3.4
-71,-9,-73,2.5,1650,751630,21,0,24.82793,102.8486,1998,135,1973,25,38.24,45.69,257.74,-33.21,3.4
-71,-9,-73,2.5,1650,751630,21,0,24.82793,102.848615,1998,136,1973,25,36.77,44.46,257.23,-34.25,3.4
-70,-9,-73,2.6,1650,751630,31,0,24.82793,102.848633,1998,137,1973,25,35.01,43.02,256.57,-35.57,3.4
-70,-9,-73,2.6,1650,751630,31,0,24.827932,102.84865,1998,138,1973,25,33.29,41.63,256.22,-36.94,3.4
-75,-10,-73,2.4,1650,751630,31,0,24.827937,102.84866,1998,139,1973,25,32.17,40.74,256.67,-37.89,3.4
-75,-9,-67,9,1650,751630,31,0,24.82794,102.848672,1998,140,1973,25,30.91,39.75,256.69,-39,3.4
-77,-10,-67,2.3,1650,751630,21,0,24.827947,102.848683,1998,141,1973,25,29.64,38.78,257.54,-40.18,3.4
-77,-10,-67,2.3,1650,751630,21,0,24.827953,102.848692,1998,142,1973,25,28.61,37.99,258.33,-41.19,3.4
-71,-10,-67,2.6,1650,751630,31,0,24.827953,102.848692,1998,143,1973,25,28.61,37.99,258.33,-41.19,3.4
-71,-10,-67,2.6,1650,751630,31,0,24.827963,102.848702,1998,144,1973,25,27.39,37.08,259.98,-42.43,3.4
-73,-10,-67,2.5,1650,751630,31,0,24.827975,102.848717,1998,145,1973,25,25.67,35.83,262.06,-44.29,3.4
-73,-10,-67,2.5,1650,751630,31,0,24.827983,102.848723,1998,146,1973,25,24.95,35.32,263.71,-45.11,3.4
-74,-10,-67,2.4,1650,751630,31,0,24.827993,102.84873,1998,147,1973,25,24.13,34.75,265.91,-46.06,3.4
-74,-10,-67,2.4,1650,751630,31,0,24.828003,102.848738,1998,148,1973,25,23.26,34.15,268.26,-47.11,3.4
-77,-10,-69,2.3,1650,751630,21,0,24.828032,102.848763,1998,149,1973,25,20.87,32.57,276.13,-50.2,3.4
-77,-10,-69,2.3,1650,751630,21,0,24.828038,102.848773,1998,150,1973,25,19.96,31.99,278.17,-51.45,3.4
-74,-9,-69,2.3,1650,751630,21,0,24.828047,102.848783,1998,151,1973,25,19.15,31.49,281.31,-52.59,3.4
-74,-9,-69,2.3,1650,751630,21,0,24.828053,102.848792,1998,152,1973,25,18.42,31.05,283.73,-53.66,3.4
-77,-9,-69,2.2,1650,751630,21,0,24.828062,102.8488,1998,153,1973,25,17.93,30.76,287.2,-54.38,3.4
-77,-9,-69,2.2,1650,751630,21,0,24.828062,102.8488,1998,154,1973,25,17.93,30.76,287.2,-54.38,3.4
-73,-7,-69,2.3,1650,751630,21,0,24.828073,102.848808,1998,155,1973,25,17.62,30.59,291.49,-54.85,3.4
-73,-7,-69,2.3,1650,751630,21,0,24.828082,102.848817,1998,156,1973,25,17.22,30.36,295.49,-55.45,3.4
-76,-9,-65,2.3,1650,751630,21,0,24.828095,102.848835,1998,157,1973,25,16.41,29.9,302.58,-56.71,3.4
-76,-9,-65,2.3,1650,751630,21,0,24.828102,102.848845,1998,158,1973,25,16.08,29.72,306.8,-57.24,3.4
-71,-7,-65,2.5,1650,751630,21,0,24.828107,102.848855,1998,159,1973,25,15.68,29.51,310.64,-57.88,3.4
-71,-7,-65,2.5,1650,751630,21,0,24.828112,102.848865,1998,160,1973,25,15.36,29.34,314.72,-58.39,3.4
-71,-8,-65,2.5,1650,751630,21,0,24.828118,102.848877,1998,161,1973,25,15.09,29.2,319.88,-58.84,3.4
-71,-8,-65,2.5,1650,751630,21,0,24.828123,102.848888,1998,162,1973,25,14.9,29.1,324.7,-59.15,3.4
-72,-9,-65,2.5,1650,751630,21,0,24.828132,102.848898,1998,163,1976,22,15.25,26.77,330.15,-55.19,3.4
-72,-9,-65,2.5,1650,751630,21,0,24.82814,102.848912,1998,164,1976,22,15.47,26.89,336.7,-54.8,3.4
-67,-7,-65,2.6,1650,751630,21,0,24.82815,102.848923,1998,165,1976,22,16.16,27.3,342.18,-53.61,3.4
-70,-9,-61,14.5,1650,751630,21,0,24.828162,102.848935,1998,166,1976,22,17.16,27.9,347.75,-51.94,3.4
-71,-9,-61,2.5,1650,751630,21,0,24.82817,102.848947,1998,167,1976,22,17.85,28.33,352.52,-50.84,3.4
-71,-9,-61,2.5,1650,751630,21,0,24.828178,102.84896,1998,168,1976,22,18.63,28.83,357.27,-49.64,3.4
-68,-7,-61,2.6,1650,751630,21,0,24.828188,102.848982,1998,169,1976,22,19.77,29.58,4.5,-47.95,3.4
-68,-7,-61,2.6,1650,751630,21,0,24.828193,102.848995,1998,170,1976,22,20.45,30.04,8.39,-46.98,3.4
-69,-7,-61,2.6,1650,751630,21,0,24.8282,102.849008,1998,171,1976,22,21.43,30.71,11.89,-45.65,3.4
-69,-7,-61,2.6,1650,751630,21,0,24.828205,102.84902,1998,172,1976,22,22.23,31.28,14.93,-44.6,3.4
-68,-8,-61,2.6,1650,751630,21,0,24.82821,102.849035,1998,173,1976,22,23.17,31.95,18.52,-43.42,3.4
-68,-8,-61,2.6,1650,751630,21,0,24.828213,102.849045,1998,174,1976,22,23.8,32.41,20.77,-42.66,3.4
-66,-8,-57,2.7,1650,751630,21,0,24.828218,102.849055,1998,175,1976,22,24.66,33.05,22.7,-41.65,3.4
-66,-8,-57,2.7,1650,751630,21,0,24.828225,102.849065,1998,176,1976,22,25.76,33.88,24.28,-40.42,3.4
-64,-9,-57,2.9,1650,751630,21,0,24.828233,102.84908,1998,177,1976,22,27.17,34.96,26.67,-38.91,3.4
-64,-9,-57,2.9,1650,751630,21,0,24.828242,102.849095,1998,178,1976,22,28.73,36.19,28.7,-37.37,3.4
-63,-9,-57,2.9,1650,751630,21,0,24.828252,102.849112,1998,179,1976,22,30.5,37.61,30.75,-35.73,3.4
-63,-9,-57,2.9,1650,751630,21,0,24.828257,102.84912,1998,180,1976,22,31.38,38.32,31.61,-34.97,3.4
-65,-7,-57,2.7,1650,751630,21,0,24.828255,102.849143,1998,181,1976,22,32.4,39.16,35.54,-34.12,3.4
-65,-7,-57,2.7,1650,751630,21,0,24.828253,102.849155,1998,182,1976,22,32.89,39.57,37.58,-33.72,3.4
-68,-8,-57,2.7,1650,751630,21,0,24.828248,102.849165,1998,183,1976,22,33.04,39.69,39.62,-33.61,3.4
-68,-8,-57,2.7,1650,751630,21,0,24.82824,102.849178,1998,184,1976,22,33.16,39.79,42.4,-33.52,3.4
-68,-8,-61,2.6,1650,751630,21,0,24.828233,102.84919,1998,185,1976,22,33.37,39.97,44.87,-33.36,3.4
-68,-8,-61,2.6,1650,751630,21,0,24.828225,102.849197,1998,186,1976,22,33.21,39.84,46.81,-33.49,3.4
-66,-7,-61,2.7,1650,751630,21,0,24.828218,102.849205,1998,187,1976,22,33.24,39.86,48.73,-33.47,3.4
-66,-7,-61,2.7,1650,751630,21,0,24.828208,102.849217,1998,188,1976,22,33.39,39.99,51.51,-33.37,3.4
-70,-8,-61,2.5,1650,751630,21,0,24.828197,102.849233,1998,189,1976,22,33.86,40.38,54.79,-33,3.4
-70,-8,-61,2.5,1650,751630,21,0,24.828192,102.849243,1998,190,1977,21,34.34,40.25,56.5,-31.44,3.4
-70,-8,-61,2.5,1650,751630,21,0,24.828185,102.849252,1998,191,1977,21,34.64,40.51,58.36,-31.22,3.4
-70,-8,-61,2.5,1650,751630,21,0,24.828178,102.849262,1998,192,1977,21,35.07,40.88,60.26,-30.92,3.4
-68,-8,-61,2.6,1650,751630,21,0,24.82817,102.849268,1998,193,1977,21,35.13,40.93,61.93,-30.88,3.4
-65,-9,-59,18.7,1650,751630,21,0,24.82815,102.849287,1998,194,1977,21,35.78,41.49,66.3,-30.42,3.4
-70,-10,-59,2.7,1650,751630,21,0,24.828138,102.849298,1998,195,1977,21,36.25,41.89,68.8,-30.11,3.4
-70,-10,-59,2.7,1650,751630,21,0,24.82813,102.849308,1998,196,1974,24,36.85,43.98,70.56,-33.1,3.4
-67,-10,-59,2.8,1650,751630,21,0,24.82812,102.849322,1998,197,1974,24,37.8,44.78,72.74,-32.44,3.4
-67,-10,-59,2.8,1650,751630,21,0,24.828112,102.849332,1998,198,1974,24,38.49,45.36,74.35,-31.98,3.4
-67,-11,-59,2.8,1650,751630,21,0,24.8281,102.849342,1998,199,1974,24,39.1,45.88,76.47,-31.58,3.4
-67,-11,-59,2.8,1650,751630,21,0,24.82809,102.849347,1998,200,1974,24,39.32,46.07,78.08,-31.43,3.4
-69,-11,-59,2.7,1650,751630,21,0,24.828075,102.849357,1998,201,1974,24,39.98,46.63,80.51,-31.02,3.4
-69,-11,-59,2.7,1650,751630,21,0,24.828075,102.849357,1998,202,1974,24,39.98,46.63,80.51,-31.02,3.4
-69,-10,-59,2.7,1650,751630,21,0,24.828057,102.849358,1998,203,1974,24,39.77,46.45,83.13,-31.15,3.4
-69,-10,-59,2.7,1650,751630,21,0,24.828045,102.849337,1998,204,1974,24,37.5,44.52,84.58,-32.66,3.4
-66,-9,-59,2.8,1650,751630,11,0,24.828045,102.849337,1998,205,1974,24,37.5,44.52,84.58,-32.66,3.4
-66,-9,-59,2.8,1650,751630,11,0,24.82803,102.849313,1998,206,1974,24,34.95,42.4,86.68,-34.53,3.4
-69,-9,-59,2.6,1650,751630,11,0,24.828022,102.849303,1998,207,1974,24,33.89,41.53,87.95,-35.35,3.4
-69,-9,-59,2.6,1650,751630,11,0,24.828013,102.84929,1998,208,1974,24,32.55,40.44,89.47,-36.45,3.4
-65,-8,-59,2.8,1650,751630,11,0,24.828005,102.849277,1998,209,1974,24,31.24,39.39,90.93,-37.58,3.4
-65,-8,-59,2.8,1650,751630,11,0,24.827995,102.84926,1998,210,1974,24,29.57,38.08,92.94,-39.12,3.4
-68,-10,-59,2.7,1650,751630,11,0,24.827983,102.849243,1998,211,1974,24,27.96,36.85,95.61,-40.69,3.4
-68,-11,-57,9,1650,751630,11,0,24.827978,102.849232,1998,212,1973,25,26.92,36.74,96.91,-42.93,3.4
-71,-10,-57,2.6,1650,751630,21,0,24.827978,102.849217,1998,213,1973,25,25.42,35.65,97.32,-44.57,3.4
-71,-10,-57,2.6,1650,751630,21,0,24.827973,102.849208,1998,214,1973,25,24.61,35.08,98.76,-45.5,3.4
-66,-10,-57,2.8,1650,751630,21,0,24.827973,102.849208,1998,215,1973,25,24.61,35.08,98.76,-45.5,3.4
-66,-10,-57,2.8,1650,751630,21,0,24.827965,102.849197,1998,216,1973,25,23.68,34.43,101.12,-46.59,3.4
-67,-10,-57,2.8,1650,751630,21,0,24.827965,102.849197,1998,217,1973,25,23.68,34.43,101.12,-46.59,3.4
-67,-10,-57,2.8,1650,751630,21,0,24.827957,102.849185,1998,218,1973,25,22.71,33.77,103.73,-47.79,3.4
-70,-12,-57,2.7,1650,751630,21,0,24.827952,102.849177,1998,219,1973,25,22.08,33.35,105.51,-48.58,3.4
-70,-12,-57,2.7,1650,751630,21,0,24.827943,102.84917,1998,220,1973,25,21.73,33.12,108.35,-49.04,3.4
-70,-9,-61,2.6,1650,751630,21,0,24.827943,102.84917,1998,221,1973,25,21.73,33.12,108.35,-49.04,3.4
-70,-9,-61,2.6,1650,751630,21,0,24.827928,102.849157,1998,222,1973,25,21.16,32.75,113.45,-49.78,3.4
-72,-10,-61,2.5,1650,751630,21,0,24.827928,102.849157,1998,223,1973,25,21.16,32.75,113.45,-49.78,3.4
-72,-10,-61,2.5,1650,751630,21,0,24.827902,102.849132,1998,224,1973,25,20.44,32.29,123.37,-50.72,3.4
-69,-9,-61,2.6,1650,751630,11,0,24.827893,102.849123,1998,225,1973,25,20.33,32.22,127.05,-50.86,3.4
-69,-9,-61,2.6,1650,751630,11,0,24.827893,102.849123,1998,226,1973,25,20.33,32.22,127.05,-50.86,3.4
-72,-9,-61,2.5,1650,751630,11,0,24.82788,102.849107,1998,227,1973,25,20.12,32.09,133.08,-51.14,3.4
-72,-9,-61,2.5,1650,751630,11,0,24.827873,102.849093,1998,228,1973,25,19.75,31.86,137.62,-51.65,3.4
-71,-8,-61,2.5,1650,751630,11,0,24.827873,102.849093,1998,229,1973,25,19.75,31.86,137.62,-51.65,3.4
-68,-10,-63,15,1650,751630,11,0,24.827868,102.84908,1998,230,1973,25,19.38,31.63,141.74,-52.16,3.4
-72,-9,-63,2.5,1650,751630,11,0,24.827872,102.849068,1998,231,1973,25,18.33,31,144.07,-53.7,3.4
-72,-9,-63,2.5,1650,751630,11,0,24.827877,102.849053,1998,232,1973,25,17.06,30.27,147.42,-55.63,3.4
-72,-8,-63,2.5,1650,751630,11,0,24.827882,102.849042,1998,233,1973,25,16.03,29.7,149.97,-57.26,3.4
-72,-8,-63,2.5,1650,751630,11,0,24.827882,102.849042,1998,234,1973,25,16.03,29.7,149.97,-57.26,3.4
-73,-9,-63,2.4,1650,751630,11,0,24.8279,102.849032,1998,235,1973,25,13.8,28.56,149.81,-61.05,3.4
-73,-9,-63,2.4,1650,751630,11,0,24.827913,102.84902,1998,236,1973,25,11.96,27.71,151.81,-64.37,3.4
-71,-9,-63,2.5,1650,751630,21,0,24.827923,102.849013,1998,237,1973,25,10.66,27.18,152.65,-66.85,3.4
-71,-9,-63,2.5,1650,751630,21,0,24.827923,102.849013,1998,238,1973,25,10.66,27.18,152.65,-66.85,3.4
-72,-10,-61,2.5,1650,751630,21,0,24.827937,102.849,1998,239,1973,25,8.71,26.47,156.33,-70.74,3.4
-72,-10,-61,2.5,1650,751630,21,0,24.827945,102.848993,1998,240,1973,25,7.63,26.14,158.96,-72.97,3.4
-71,-10,-61,2.6,1650,751630,21,0,24.827955,102.84898,1998,241,1973,25,6.21,25.76,167.69,-76,3.4
-71,-10,-61,2.6,1650,751630,21,0,24.827972,102.848962,1998,242,1973,25,4.25,25.36,188.97,-80.31,3.4
-73,-10,-61,2.5,1650,751630,21,0,24.827983,102.848952,1998,243,1973,25,3.4,25.23,210.65,-82.24,3.4
-73,-10,-61,2.5,1650,751630,21,0,24.827993,102.848942,1998,244,1973,25,3.23,25.21,236.82,-82.63,3.4
-73,-11,-61,2.5,1650,751630,21,0,24.828002,102.848933,1998,245,1973,25,3.65,25.27,257.12,-81.71,3.4
-73,-11,-61,2.5,1650,751630,21,0,24.828013,102.848923,1998,246,1973,25,4.56,25.41,273.81,-79.68,3.4
-71,-8,-61,2.5,1650,751630,21,0,24.828023,102.848913,1998,247,1973,25,5.74,25.65,283.3,-77.08,3.4
-70,-10,-61,8.7,1650,751630,21,0,24.828033,102.848903,1998,248,1973,25,7.05,25.98,289.49,-74.27,3.4
-70,-9,-61,2.6,1650,751630,21,0,24.82804,102.848895,1998,249,1973,25,8.09,26.28,292.34,-72.07,3.4
-70,-9,-61,2.6,1650,751630,21,0,24.828047,102.848883,1998,250,1973,25,9.52,26.75,293.52,-69.17,3.4
-76,-10,-61,2.3,1650,751630,21,0,24.828052,102.848872,1998,251,1973,25,10.76,27.22,293.63,-66.72,3.4
-76,-10,-61,2.3,1650,751630,21,0,24.828057,102.848862,1998,252,1973,25,11.91,27.69,293.91,-64.54,3.4
-74,-9,-61,2.4,1650,751630,21,0,24.828062,102.84885,1998,253,1973,25,13.25,28.29,293.78,-62.1,3.4
-74,-9,-61,2.4,1650,751630,21,0,24.82807,102.848838,1998,254,1973,25,14.73,29.02,294.78,-59.51,3.4
-74,-8,-61,2.3,1650,751630,21,0,24.828072,102.848828,1998,255,1973,25,15.73,29.54,293.89,-57.84,3.4
-75,-9,-61,2.3,1650,751630,21,0,24.82807,102.848797,1998,256,1973,25,18.52,31.11,289.33,-53.5,3.4
-75,-9,-61,2.3,1650,751630,21,0,24.82807,102.848797,1998,257,1973,25,18.52,31.11,289.33,-53.5,3.4
-70,-10,-65,10,1650,751630,21,0,24.828063,102.84878,1998,258,1973,25,19.89,31.95,285.74,-51.53,3.4
-76,-9,-65,2.3,1650,751630,21,0,24.828053,102.848772,1998,259,1973,25,20.38,32.25,282.37,-50.86,3.4
-76,-9,-65,2.3,1650,751630,21,0,24.828043,102.84876,1998,260,1973,25,21.34,32.87,279.02,-49.56,3.4
-78,-10,-65,2.2,1650,751630,21,0,24.828033,102.848747,1998,261,1973,25,22.49,33.63,275.94,-48.08,3.4
-78,-10,-65,2.2,1650,751630,21,0,24.82802,102.848733,1998,262,1973,25,23.78,34.5,272.44,-46.48,3.4
-79,-12,-65,2.3,1650,751630,21,0,24.828008,102.848727,1998,263,1973,25,24.36,34.91,269.52,-45.79,3.4
-79,-12,-65,2.3,1650,751630,21,0,24.828,102.848718,1998,264,1973,25,25.3,35.57,267.71,-44.71,3.4
-77,-9,-65,2.2,1650,751630,21,0,24.82799,102.848705,1998,265,1973,25,26.68,36.56,265.65,-43.19,3.4
-77,-9,-65,2.2,1650,751630,21,0,24.827985,102.848695,1998,266,1973,25,27.74,37.34,264.77,-42.08,3.4
-79,-12,-67,2.3,1650,751630,21,0,24.827985,102.848695,1998,267,1973,25,27.74,37.34,264.77,-42.08,3.4
-79,-12,-67,2.3,1650,751630,21,0,24.827975,102.848683,1998,268,1973,25,29.07,38.34,263,-40.74,3.4
-77,-9,-67,2.3,1650,751630,31,0,24.827968,102.848672,1998,269,1973,25,30.28,39.27,261.92,-39.59,3.4
-77,-9,-67,2.3,1650,751630,31,0,24.827958,102.848665,1998,270,1973,25,31.17,39.96,260.26,-38.78,3.4
-79,-10,-67,2.2,1650,751630,21,0,24.827958,102.848665,1998,271,1973,25,31.17,39.96,260.26,-38.78,3.4
-79,-10,-67,2.2,1650,751630,21,0,24.827935,102.848645,1998,272,1973,25,33.69,41.95,256.93,-36.61,3.4
-80,-11,-67,2.2,1650,751630,21,0,24.827923,102.848638,1998,273,1973,25,34.72,42.78,255.23,-35.79,3.4
-80,-11,-67,2.2,1650,751630,21,0,24.827913,102.848632,1998,274,1973,25,35.63,43.53,253.9,-35.09,3.4
-76,-10,-69,2.3,1650,751630,31,0,24.827903,102.848625,1998,275,1973,25,36.64,44.36,252.67,-34.33,3.4
-76,-10,-69,2.3,1650,751630,31,0,24.827893,102.848615,1998,276,1973,25,37.97,45.46,251.66,-33.39,3.4
-79,-11,-69,2.2,1650,751630,31,0,24.827882,102.848607,1998,277,1973,25,39.15,46.45,250.48,-32.59,3.4
-79,-11,-69,2.2,1650,751630,31,0,24.827872,102.848603,1998,278,1973,25,39.94,47.12,249.29,-32.07,3.4
-80,-10,-69,2.1,1650,751630,31,0,24.827872,102.848603,1998,279,1973,25,39.94,47.12,249.29,-32.07,3.4
-80,-10,-69,2.1,1650,751630,31,0,24.827855,102.8486,1998,280,1970,28,40.97,49.62,247.16,-34.37,3.4
-78,-10,-69,2.2,1650,751630,31,0,24.827833,102.848598,1998,281,1970,28,42.23,50.67,244.43,-33.56,3.4
-78,-10,-69,2.2,1650,751630,31,0,24.827823,102.848595,1998,282,1970,28,43.02,51.33,243.37,-33.07,3.4
-82,-12,-69,2.1,1650,751630,31,0,24.82781,102.848593,1998,283,1970,28,43.91,52.08,241.93,-32.53,3.4
-82,-12,-69,2.1,1650,751630,31,0,24.827798,102.84859,1998,284,1970,28,44.85,52.87,240.71,-31.98,3.4
-82,-12,-71,2.1,1650,751630,21,0,24.827798,102.84859,1998,285,1970,28,44.85,52.87,240.71,-31.98,3.4
-82,-12,-71,2.1,1650,751630,21,0,24.827778,102.848588,1998,286,1970,28,46.22,54.04,238.59,-31.21,3.4
-80,-10,-71,2.1,1650,751630,21,0,24.827767,102.848585,1998,287,1970,28,47.15,54.84,237.61,-30.7,3.4
-80,-10,-71,2.1,1650,751630,21,0,24.827757,102.848585,1998,288,1970,28,47.8,55.4,236.55,-30.36,3.4
-82,-13,-71,2.2,1650,751630,21,0,24.827757,102.848585,1998,289,1970,28,47.8,55.4,236.55,-30.36,3.4
-82,-13,-71,2.2,1650,751630,21,0,24.82774,102.848593,1998,290,1970,28,48.29,55.82,234.25,-30.1,3.4
-82,-13,-71,2.2,1650,751630,21,0,24.82773,102.848598,1998,291,1970,28,48.59,56.08,232.88,-29.94,3.4
-82,-13,-71,2.2,1650,751630,21,0,24.82773,102.848598,1998,292,1970,28,48.59,56.08,232.88,-29.94,3.4
-86,-15,-69,2.1,1650,751630,21,0,24.827712,102.848612,1998,293,1970,28,48.83,56.29,230.07,-29.81,3.4
-86,-15,-69,2.1,1650,751630,21,0,24.827693,102.848623,1998,294,1970,28,49.49,56.86,227.42,-29.47,3.4
-78,-11,-69,2.3,1650,751630,31,0,24.827693,102.848623,1998,295,1970,28,49.49,56.86,227.42,-29.47,3.4
-78,-11,-69,2.3,1650,751630,31,0,24.827677,102.848632,1998,296,1971,27,50.14,56.95,225.26,-28.27,3.4
-80,-11,-69,2.2,1650,751630,31,0,24.827677,102.848632,1998,297,1971,27,50.14,56.95,225.26,-28.27,3.4
-80,-11,-69,2.2,1650,751630,31,0,24.827658,102.84864,1998,298,1971,27,51.18,57.87,222.98,-27.78,3.4
-82,-12,-69,2.1,1650,751630,31,0,24.827648,102.848647,1998,299,1971,27,51.58,58.22,221.56,-27.59,3.4
-82,-12,-69,2.1,1650,751630,31,0,24.827637,102.848655,1998,300,1971,27,52.04,58.63,220,-27.38,3.4
-80,-10,-69,2.1,1650,751630,31,0,24.827627,102.848662,1998,301,1971,27,52.5,59.04,218.62,-27.17,3.4
-80,-12,-73,11.7,1650,751630,31,0,24.827617,102.848667,1998,302,1971,27,53.11,59.58,217.45,-26.9,3.4
-86,-11,-73,1.9,1650,751630,31,0,24.827608,102.848672,1998,303,1971,27,53.65,60.06,216.36,-26.67,3.4
-86,-11,-73,1.9,1650,751630,31,0,24.827608,102.848672,1998,304,1971,27,53.65,60.06,216.36,-26.67,3.4
-83,-11,-73,2,1650,751630,31,0,24.82759,102.848682,1998,305,1969,29,54.78,61.98,214.25,-27.84,3.4
-84,-12,-73,2.1,1650,751630,31,0,24.82759,102.848682,1998,306,1969,29,54.78,61.98,214.25,-27.84,3.4
-84,-12,-73,2.1,1650,751630,31,0,24.827575,102.848693,1998,307,1969,29,55.63,62.74,212.3,-27.48,3.4
-84,-12,-73,2.1,1650,751630,31,0,24.827575,102.848693,1998,308,1969,29,55.63,62.74,212.3,-27.48,3.4
-86,-11,-73,1.9,1650,751630,31,0,24.827562,102.8487,1998,309,1969,29,56.54,63.54,210.89,-27.09,3.4
-86,-11,-73,1.9,1650,751630,31,0,24.82755,102.848705,1998,310,1969,29,57.47,64.37,209.76,-26.71,3.4
-85,-12,-73,2,1650,751630,31,0,24.827537,102.848707,1998,311,1969,29,58.66,65.44,208.89,-26.24,3.4
-85,-12,-73,2,1650,751630,31,0,24.82751,102.848717,1998,312,1969,29,60.92,67.47,206.66,-25.39,3.4
-87,-14,-73,2,1650,751630,31,0,24.8275,102.84872,1998,313,1969,29,61.81,68.28,205.93,-25.07,3.4
-87,-14,-73,2,1650,751630,31,0,24.827492,102.848727,1998,314,1969,29,62.34,68.76,204.95,-24.88,3.4
-88,-14,-73,1.9,1650,751630,31,0,24.827482,102.848733,1998,315,1969,29,63.13,69.47,203.99,-24.61,3.4
-88,-14,-73,1.9,1650,751630,31,0,24.827473,102.848742,1998,316,1969,29,63.72,70.01,202.82,-24.4,3.4
-87,-12,-73,1.9,1650,751630,31,0,24.827465,102.848748,1998,317,1969,29,64.34,70.57,201.98,-24.2,3.4
-87,-12,-73,1.9,1650,751630,31,0,24.827457,102.848755,1998,318,1969,29,64.93,71.11,201.07,-24,3.4
-87,-12,-73,1.9,1650,751630,31,0,24.827448,102.84876,1998,319,1969,29,65.71,71.82,200.31,-23.75,3.4
-80,-12,-75,1.5,1650,751630,31,0,24.827438,102.848767,1998,320,1969,29,66.54,72.58,199.36,-23.48,3.4
-89,-13,-75,1.8,1650,751630,31,0,24.827428,102.848772,1998,321,1969,29,67.44,73.41,198.61,-23.2,3.4
-89,-13,-75,1.8,1650,751630,31,0,24.827417,102.848777,1998,322,1969,29,68.47,74.36,197.85,-22.89,3.4
-87,-13,-75,1.9,1650,751630,31,0,24.827398,102.848787,1998,323,1969,29,70.22,75.97,196.48,-22.37,3.4
-87,-13,-75,1.9,1650,751630,31,0,24.827387,102.848787,1998,324,1969,29,71.39,77.06,196.2,-22.04,3.4
-88,-13,-75,1.8,1650,751630,31,0,24.827377,102.848788,1998,325,1969,29,72.44,78.03,195.87,-21.75,3.4
-88,-13,-75,1.8,1650,751630,31,0,24.827367,102.84879,1998,326,1969,29,73.46,78.98,195.47,-21.47,3.4
-89,-14,-75,1.9,1650,751630,31,0,24.827357,102.84879,1998,327,1969,29,74.54,79.98,195.25,-21.19,3.4
-89,-14,-75,1.9,1650,751630,31,0,24.827347,102.848788,1998,328,1969,29,75.66,81.03,195.19,-20.9,3.4
-89,-14,-75,1.9,1650,751630,31,0,24.827328,102.848795,1998,329,1966,32,77.54,83.88,194.23,-22.35,3.4
-90,-15,-75,1.9,1650,751630,31,0,24.827318,102.848798,1998,330,1966,32,78.56,84.83,193.8,-22.09,3.4
-90,-15,-75,1.9,1650,751630,31,0,24.827302,102.848803,1998,331,1966,32,80.18,86.33,193.12,-21.69,3.4
-90,-14,-75,1.9,1650,751630,31,0,24.827292,102.848807,1998,332,1966,32,81.18,87.26,192.64,-21.44,3.4
-90,-14,-75,1.9,1650,751630,31,0,24.827283,102.848812,1998,333,1966,32,82.06,88.08,192.11,-21.23,3.4
-90,-13,-75,1.8,1650,751630,11,0,24.827272,102.848847,1998,334,1966,32,82.66,88.64,189.31,-21.09,3.4
-71,-9,-63,19.5,1650,751630,11,0,24.827267,102.84886,1998,335,1966,32,83.02,88.97,188.27,-21.01,3.4
-71,-14,-73,1,1650,751630,31,0,24.827173,102.848727,1998,336,1966,32,95.86,101.06,196.06,-18.4,3.4
-71,-14,-73,1,1650,751630,31,0,24.827177,102.848715,1998,337,1966,32,95.75,100.96,196.89,-18.42,3.4
-80,-11,-73,2.2,1650,751630,31,0,24.827177,102.848715,1998,338,1966,32,95.75,100.96,196.89,-18.42,3.4
-80,-11,-73,2.2,1650,751630,31,0,24.82719,102.848688,1998,339,1966,32,95.14,100.38,198.85,-18.53,3.4
-79,-12,-73,2.3,1650,751630,31,0,24.827192,102.848677,1998,340,1966,32,95.27,100.5,199.58,-18.51,3.4
-79,-12,-73,2.3,1650,751630,31,0,24.827193,102.848663,1998,341,1966,32,95.61,100.82,200.47,-18.45,3.4
-86,-14,-73,2.1,1650,751630,31,0,24.827193,102.848648,1998,342,1966,32,96.11,101.3,201.39,-18.36,3.4
-86,-14,-73,2.1,1650,751630,31,0,24.82719,102.848635,1998,343,1966,32,96.87,102.02,202.1,-18.23,3.4
-77,-9,-71,2.2,1650,751630,31,0,24.82729,102.8483,1998,344,1965,33,104.5,109.59,222.85,-17.5,3.4
-77,-9,-71,2.2,1650,751630,31,0,24.8273,102.84829,1998,345,1965,33,104.32,109.42,223.68,-17.53,3.4
-78,-10,-71,2.2,1650,751630,31,0,24.82731,102.84828,1998,346,1965,33,104.16,109.26,224.5,-17.56,3.4
-78,-10,-71,2.2,1650,751630,31,0,24.827323,102.848268,1998,347,1965,33,103.92,109.03,225.54,-17.6,3.4
-79,-10,-71,2.2,1650,751630,31,0,24.827333,102.84826,1998,348,1965,33,103.66,108.79,226.28,-17.64,3.4
-79,-10,-71,2.2,1650,751630,31,0,24.827342,102.848253,1998,349,1967,31,103.44,107.99,226.95,-16.67,3.4
-79,-11,-69,2.2,1650,751630,31,0,24.827352,102.848245,1998,350,1967,31,103.22,107.77,227.69,-16.7,3.4
-79,-11,-69,2.2,1650,751630,31,0,24.82737,102.848237,1998,351,1967,31,102.4,106.99,228.8,-16.83,3.4
-79,-11,-69,2.2,1650,751630,31,0,24.827377,102.848227,1998,352,1967,31,102.6,107.18,229.49,-16.8,3.4
-79,-11,-69,2.2,1650,751630,31,0,24.827382,102.848217,1998,353,1967,31,102.97,107.54,230.1,-16.74,3.4
-77,-9,-69,2.2,1650,751630,31,0,24.827382,102.848217,1998,354,1967,31,102.97,107.54,230.1,-16.74,3.4
-77,-9,-69,2.2,1650,751630,31,0,24.827393,102.848202,1998,355,1967,31,103.28,107.83,231.15,-16.7,3.4
-82,-12,-69,2.1,1650,751630,31,0,24.827393,102.848202,1998,356,1967,31,103.28,107.83,231.15,-16.7,3.4
-82,-12,-69,2.1,1650,751630,31,0,24.827407,102.848178,1998,357,1967,31,104.11,108.63,232.65,-16.57,3.4
-85,-13,-71,2.1,1650,751630,31,0,24.827408,102.848168,1998,358,1967,31,104.82,109.31,233.04,-16.47,3.4
-85,-13,-71,2.1,1650,751630,31,0,24.82741,102.848155,1998,359,1967,31,105.7,110.15,233.57,-16.34,3.4
-79,-10,-71,2.2,1650,751630,31,0,24.827413,102.848143,1998,360,1967,31,106.44,110.86,234.11,-16.23,3.4
-79,-10,-71,2.2,1650,751630,31,0,24.827413,102.848143,1998,361,1967,31,106.44,110.86,234.11,-16.23,3.4
-83,-11,-71,2,1650,751630,31,0,24.827437,102.848148,1998,362,1967,31,104.4,108.91,235.05,-16.53,3.4
-83,-11,-71,2,1650,751630,31,0,24.827447,102.848152,1998,363,1967,31,103.41,107.96,235.4,-16.68,3.4
-83,-10,-71,2,1650,751630,31,0,24.827458,102.848153,1998,364,1967,31,102.6,107.18,235.89,-16.81,3.4
-83,-10,-71,2,1650,751630,31,0,24.827468,102.848155,1998,365,1967,31,101.78,106.4,236.31,-16.94,3.4
-83,-11,-71,2,1650,751630,31,0,24.827468,102.848155,1998,366,1967,31,101.78,106.4,236.31,-16.94,3.4
-80,-11,-73,9,1650,751630,31,0,24.82748,102.848167,1998,367,1967,31,100.02,104.71,236.51,-17.22,3.4
-82,-10,-73,2,1650,751630,31,0,24.827492,102.848175,1998,368,1967,31,98.58,103.34,236.85,-17.45,3.4
-82,-10,-73,2,1650,751630,31,0,24.8275,102.84818,1998,369,1967,31,97.66,102.46,237.09,-17.61,3.4
-83,-10,-73,2,1650,751630,31,0,24.827512,102.848182,1998,370,1967,31,96.73,101.58,237.64,-17.77,3.4
-83,-10,-73,2,1650,751630,31,0,24.827527,102.848183,1998,371,1967,31,95.71,100.61,238.4,-17.95,3.4
-82,-11,-73,2,1650,751630,31,0,24.827552,102.848187,1998,372,1967,31,93.85,98.84,239.61,-18.28,3.4
-82,-11,-73,2,1650,751630,31,0,24.827562,102.848187,1998,373,1967,31,93.25,98.27,240.16,-18.39,3.4
-82,-10,-73,2,1650,751630,31,0,24.827572,102.848187,1998,374,1967,31,92.67,97.72,240.72,-18.5,3.4
-82,-10,-73,2,1650,751630,31,0,24.827585,102.848185,1998,375,1967,31,92.1,97.18,241.51,-18.61,3.4
-83,-12,-71,2.1,1650,751630,31,0,24.827585,102.848185,1998,376,1967,31,92.1,97.18,241.51,-18.61,3.4
-83,-12,-71,2.1,1650,751630,31,0,24.827603,102.848187,1998,377,1967,31,90.92,96.06,242.47,-18.83,3.4
-76,-11,-71,2.4,1650,751630,31,0,24.827612,102.848192,1998,378,1970,28,89.99,94.25,242.85,-17.29,3.4
-76,-11,-71,2.4,1650,751630,31,0,24.827623,102.848195,1998,379,1970,28,89.13,93.42,243.41,-17.45,3.4
-74,-10,-71,2.4,1650,751630,31,0,24.827633,102.848197,1998,380,1970,28,88.42,92.75,243.94,-17.58,3.4
-74,-10,-71,2.4,1650,751630,31,0,24.827647,102.8482,1998,381,1970,28,87.43,91.8,244.7,-17.77,3.4
-78,-11,-71,2.3,1650,751630,31,0,24.827658,102.848202,1998,382,1970,28,86.7,91.11,245.32,-17.91,3.4
-78,-11,-71,2.3,1650,751630,31,0,24.827673,102.848212,1998,383,1970,28,85.05,89.54,245.97,-18.23,3.4
-84,-16,-69,2.2,1650,751630,31,0,24.827685,102.848222,1998,384,1970,28,83.57,88.14,246.46,-18.54,3.4
-84,-16,-69,2.2,1650,751630,31,0,24.827695,102.84823,1998,385,1970,28,82.36,86.99,246.89,-18.79,3.4
-75,-9,-69,2.3,1650,751630,21,0,24.827707,102.84825,1998,386,1970,28,79.97,84.73,247.12,-19.31,3.4
-75,-9,-69,2.3,1650,751630,21,0,24.827713,102.848263,1998,387,1970,28,78.5,83.34,247.16,-19.65,3.4
-78,-9,-69,2.2,1650,751630,21,0,24.827718,102.848277,1998,388,1970,28,76.98,81.91,247.09,-20,3.4
-78,-9,-69,2.2,1650,751630,21,0,24.827723,102.848292,1998,389,1970,28,75.37,80.4,247,-20.39,3.4
-77,-10,-69,2.3,1650,751630,21,0,24.827723,102.848292,1998,390,1970,28,75.37,80.4,247,-20.39,3.4
-77,-10,-69,2.3,1650,751630,21,0,24.827735,102.8483,1998,391,1970,28,74.08,79.19,247.62,-20.72,3.4
-76,-9,-69,2.3,1650,751630,21,0,24.827745,102.848305,1998,392,1970,28,73.17,78.34,248.21,-20.96,3.4
-73,-7,-67,11,1650,751630,21,0,24.827755,102.848305,1998,393,1970,28,72.73,77.93,248.96,-21.07,3.4
-71,-9,-67,2.5,1650,751630,21,0,24.827772,102.8483,1998,394,1970,28,72.49,77.71,250.39,-21.14,3.4
-71,-9,-67,2.5,1650,751630,21,0,24.827782,102.848297,1998,395,1970,28,72.38,77.61,251.23,-21.17,3.4
-80,-9,-67,2.1,1650,751630,21,0,24.827807,102.848278,1998,396,1970,28,73.29,78.46,253.61,-20.93,3.4
-80,-9,-67,2.1,1650,751630,21,0,24.827815,102.84827,1998,397,1970,28,73.79,78.92,254.39,-20.8,3.4
-82,-10,-67,2,1650,751630,21,0,24.827833,102.84826,1998,398,1970,28,74.21,79.32,255.96,-20.7,3.4
-82,-10,-67,2,1650,751630,21,0,24.827845,102.848253,1998,399,1970,28,74.55,79.63,257.01,-20.61,3.4
-80,-9,-71,2.1,1650,751630,21,0,24.827857,102.848247,1998,400,1970,28,74.83,79.9,258.02,-20.54,3.4
-80,-9,-71,2.1,1650,751630,21,0,24.827867,102.848243,1998,401,1972,26,74.98,79.36,258.84,-19.15,3.4
-81,-9,-71,2.1,1650,751630,21,0,24.827887,102.848237,1998,402,1972,26,75.14,79.51,260.45,-19.11,3.4
-81,-9,-71,2.1,1650,751630,21,0,24.827897,102.848235,1998,403,1972,26,75.15,79.52,261.24,-19.11,3.4
-86,-13,-71,2,1650,751630,21,0,24.827907,102.848232,1998,404,1972,26,75.27,79.63,262.03,-19.08,3.4
-86,-13,-71,2,1650,751630,21,0,24.827927,102.848225,1998,405,1972,26,75.67,80.01,263.63,-18.99,3.4
-84,-10,-71,1.9,1650,751630,21,0,24.827937,102.848222,1998,406,1972,26,75.85,80.18,264.41,-18.95,3.4
-84,-10,-71,1.9,1650,751630,21,0,24.827937,102.848222,1998,407,1972,26,75.85,80.18,264.41,-18.95,3.4
-83,-10,-75,2,1650,751630,21,0,24.827955,102.84822,1998,408,1972,26,75.86,80.19,265.79,-18.95,3.4
-83,-10,-75,2,1650,751630,21,0,24.827965,102.848212,1998,409,1972,26,76.59,80.88,266.59,-18.78,3.4
-84,-13,-75,2.1,1650,751630,21,0,24.827975,102.848203,1998,410,1972,26,77.43,81.68,267.38,-18.59,3.4
-84,-13,-75,2.1,1650,751630,21,0,24.827985,102.848195,1998,411,1972,26,78.19,82.4,268.15,-18.42,3.4
-85,-12,-75,2,1650,751630,21,0,24.827993,102.84819,1998,412,1972,26,78.67,82.86,268.75,-18.32,3.4
-85,-12,-75,2,1650,751630,21,0,24.82801,102.848173,1998,413,1972,26,80.37,84.47,270,-17.96,3.4
-80,-9,-75,2.1,1650,751630,31,0,24.82801,102.848173,1998,414,1972,26,80.37,84.47,270,-17.96,3.4
-80,-9,-75,2.1,1650,751630,31,0,24.828027,102.848158,1998,415,1972,26,81.9,85.93,271.2,-17.64,3.4
-82,-10,-75,2,1650,751630,31,0,24.828027,102.848158,1998,416,1972,26,81.9,85.93,271.2,-17.64,3.4
-73,-11,-71,9.7,1650,751630,31,0,24.82804,102.848148,1998,417,1972,26,82.96,86.94,272.1,-17.43,3.4
-83,-11,-71,2,1650,751630,31,0,24.82805,102.848142,1998,418,1972,26,83.62,87.57,272.77,-17.3,3.4
-83,-11,-71,2,1650,751630,31,0,24.82806,102.848135,1998,419,1972,26,84.39,88.3,273.44,-17.15,3.4
-82,-10,-71,2,1650,751630,31,0,24.828078,102.848122,1998,420,1972,26,85.85,89.7,274.6,-16.88,3.4
-82,-10,-71,2,1650,751630,31,0,24.828087,102.848117,1998,421,1972,26,86.45,90.28,275.17,-16.77,3.4
-82,-8,-71,2,1650,751630,31,0,24.828095,102.84811,1998,422,1972,26,87.24,91.03,275.66,-16.62,3.4
-82,-8,-71,2,1650,751630,31,0,24.828105,102.848103,1998,423,1972,26,88.07,91.83,276.27,-16.47,3.4
-84,-11,-71,2,1650,751630,31,0,24.828113,102.848095,1998,424,1972,26,88.99,92.71,276.73,-16.31,3.4
-84,-11,-71,2,1650,751630,31,0,24.828123,102.848082,1998,425,1972,26,90.44,94.1,277.27,-16.06,3.4
-87,-9,-73,1.8,1650,751630,31,0,24.828132,102.848075,1998,426,1975,23,91.28,94.13,277.78,-14.16,3.4
-87,-9,-73,1.8,1650,751630,31,0,24.828132,102.848075,1998,427,1975,23,91.28,94.13,277.78,-14.16,3.4
-86,-11,-73,1.9,1650,751630,31,0,24.828142,102.84806,1998,428,1975,23,92.95,95.75,278.27,-13.92,3.4
-86,-11,-73,1.9,1650,751630,31,0,24.828148,102.848043,1998,429,1975,23,94.75,97.5,278.49,-13.66,3.4
-90,-10,-73,1.6,1650,751630,31,0,24.828152,102.848033,1998,430,1975,23,95.82,98.54,278.64,-13.52,3.4
-90,-10,-73,1.6,1650,751630,31,0,24.828158,102.848025,1998,431,1975,23,96.73,99.43,278.92,-13.4,3.4
-86,-11,-73,1.9,1650,751630,31,0,24.828165,102.848015,1998,432,1975,23,97.86,100.53,279.24,-13.25,3.4
-86,-11,-73,1.9,1650,751630,31,0,24.82818,102.847993,1998,433,1975,23,100.35,102.95,279.89,-12.93,3.4
-88,-10,-77,1.7,1650,751630,31,0,24.828187,102.847985,1998,434,1975,23,101.29,103.87,280.21,-12.81,3.4
-88,-10,-77,1.7,1650,751630,31,0,24.828192,102.847975,1998,435,1975,23,102.39,104.94,280.39,-12.68,3.4
-85,-10,-77,1.9,1650,751630,31,0,24.828197,102.847963,1998,436,1975,23,103.69,106.21,280.54,-12.53,3.4
-85,-10,-77,1.9,1650,751630,31,0,24.828202,102.847952,1998,437,1975,23,104.89,107.38,280.7,-12.39,3.4
-85,-8,-77,1.8,1650,751630,31,0,24.828222,102.847918,1998,438,1975,23,108.71,111.12,281.41,-11.96,3.4
-85,-8,-77,1.8,1650,751630,31,0,24.828228,102.847905,1998,439,1975,23,110.14,112.52,281.59,-11.81,3.4
-86,-12,-77,1.9,1650,751630,31,0,24.828232,102.847893,1998,440,1975,23,111.42,113.77,281.67,-11.68,3.4
-84,-9,-75,14.7,1650,751630,31,0,24.828235,102.84788,1998,441,1975,23,112.77,115.09,281.68,-11.54,3.4
-85,-8,-75,1.8,1650,751630,31,0,24.828237,102.847867,1998,442,1975,23,114.11,116.4,281.65,-11.41,3.4
-85,-8,-75,1.8,1650,751630,31,0,24.828238,102.847857,1998,443,1975,23,115.12,117.4,281.6,-11.31,3.4
-83,-9,-75,1.9,1650,751630,31,0,24.828238,102.847857,1998,444,1975,23,115.12,117.4,281.6,-11.31,3.4
-83,-9,-75,1.9,1650,751630,31,0,24.828252,102.847838,1998,445,1975,23,117.33,119.56,282.09,-11.11,3.4
-79,-8,-75,2.1,1650,751630,31,0,24.828252,102.847838,1998,446,1975,23,117.33,119.56,282.09,-11.11,3.4
-79,-8,-75,2.1,1650,751630,31,0,24.828262,102.847822,1998,447,1975,23,119.16,121.36,282.4,-10.94,3.4
-84,-11,-75,2,1650,751630,31,0,24.82827,102.847812,1998,448,1975,23,120.36,122.54,282.68,-10.83,3.4
-84,-11,-75,2,1650,751630,31,0,24.828277,102.847803,1998,449,1975,23,121.43,123.59,282.91,-10.74,3.4
-83,-10,-73,2,1650,751630,31,0,24.82828,102.847792,1998,450,1975,23,122.59,124.73,282.93,-10.64,3.4
-83,-10,-73,2,1650,751630,31,0,24.828287,102.847763,1998,451,1975,23,125.62,127.71,282.95,-10.39,3.4
-81,-9,-73,2,1650,751630,31,0,24.82829,102.847748,1998,452,1975,23,127.17,129.23,282.93,-10.27,3.4
-81,-9,-73,2,1650,751630,31,0,24.828292,102.847735,1998,453,1975,23,128.5,130.54,282.88,-10.16,3.4
-85,-10,-73,1.8,1650,751630,31,0,24.82829,102.847722,1998,454,1975,23,129.72,131.74,282.67,-10.07,3.4
-85,-10,-73,1.8,1650,751630,31,0,24.828287,102.847712,1998,455,1975,23,130.62,132.63,282.44,-10,3.4
-81,-8,-73,2,1650,751630,31,0,24.828277,102.847705,1998,456,1975,23,131.06,133.06,281.94,-9.97,3.4
-81,-8,-73,2,1650,751630,31,0,24.828268,102.847698,1998,457,1975,23,131.53,133.53,281.48,-9.93,3.4
-76,-9,-73,2.3,1650,751630,31,0,24.82826,102.847693,1998,458,1975,23,131.83,133.82,281.09,-9.91,3.4
-83,-11,-77,16.5,1650,751630,31,0,24.828252,102.847687,1998,459,1975,23,132.24,134.23,280.7,-9.88,3.4
-86,-8,-77,1.7,1650,751630,31,0,24.828242,102.847662,1998,460,1975,23,134.5,136.45,280.07,-9.72,3.4
-86,-8,-77,1.7,1650,751630,31,0,24.828237,102.84765,1998,461,1975,23,135.59,137.53,279.77,-9.64,3.4
-84,-9,-77,1.9,1650,751630,31,0,24.828237,102.84765,1998,462,1975,23,135.59,137.53,279.77,-9.64,3.4
-84,-9,-77,1.9,1650,751630,31,0,24.828225,102.847635,1998,463,1975,23,136.84,138.76,279.16,-9.56,3.4
-88,-10,-77,1.7,1650,751630,31,0,24.828225,102.847635,1998,464,1975,23,136.84,138.76,279.16,-9.56,3.4
-88,-10,-77,1.7,1650,751630,31,0,24.828202,102.847605,1998,465,1975,23,139.42,141.3,278.02,-9.38,3.4
-88,-10,-77,1.7,1650,751630,31,0,24.8282,102.847595,1998,466,1975,23,140.38,142.25,277.88,-9.32,3.4
-83,-11,-77,11.2,1650,751630,31,0,24.8282,102.847582,1998,467,1975,23,141.68,143.53,277.81,-9.24,3.4
-85,-10,-77,1.9,1650,751630,31,0,24.8282,102.847582,1998,468,1975,23,141.68,143.53,277.81,-9.24,3.4
-85,-10,-77,1.9,1650,751630,31,0,24.828207,102.847558,1998,469,1975,23,144.2,146.02,277.95,-9.08,3.4
-84,-10,-77,1.9,1650,751630,31,0,24.82821,102.847545,1998,470,1975,23,145.55,147.36,278,-8.99,3.4
-84,-10,-77,1.9,1650,751630,31,0,24.828213,102.847533,1998,471,1975,23,146.8,148.59,278.05,-8.92,3.4
-85,-9,-77,1.8,1650,751630,31,0,24.828217,102.847523,1998,472,1975,23,147.86,149.64,278.15,-8.86,3.4
-85,-9,-77,1.8,1650,751630,31,0,24.828222,102.84751,1998,473,1975,23,149.25,151.01,278.27,-8.77,3.4
-88,-11,-77,1.8,1650,751630,31,0,24.828227,102.8475,1998,474,1975,23,150.33,152.08,278.41,-8.71,3.4
-88,-11,-77,1.8,1650,751630,31,0,24.828235,102.847475,1998,475,1975,23,152.97,154.69,278.57,-8.56,3.4
-87,-11,-77,1.8,1650,751630,31,0,24.828238,102.847463,1998,476,1975,23,154.22,155.93,278.61,-8.5,3.4
-87,-11,-77,1.8,1650,751630,31,0,24.828238,102.847463,1998,477,1975,23,154.22,155.93,278.61,-8.5,3.4
-83,-10,-77,2,1650,751630,31,0,24.828242,102.847453,1998,478,1975,23,155.29,156.98,278.71,-8.44,3.4
-83,-10,-77,2,1650,751630,31,0,24.828245,102.847438,1998,479,1975,23,156.84,158.52,278.73,-8.36,3.4
-83,-10,-77,2,1650,751630,31,0,24.828252,102.84743,1998,480,1975,23,157.77,159.44,278.94,-8.31,3.4
-83,-11,-77,2,1650,751630,31,0,24.82826,102.847423,1998,481,1975,23,158.62,160.28,279.19,-8.26,3.4
-83,-11,-77,2,1650,751630,31,0,24.828268,102.847415,1998,482,1975,23,159.57,161.22,279.43,-8.21,3.4
-83,-11,-77,2,1650,751630,31,0,24.828278,102.847408,1998,483,1975,23,160.47,162.11,279.75,-8.17,3.4
-83,-11,-73,8.2,1650,751630,31,0,24.828287,102.847403,1998,484,1975,23,161.15,162.78,280.04,-8.13,3.4
-76,-8,-73,2.2,1650,751630,31,0,24.828302,102.8474,1998,485,1975,23,161.78,163.41,280.55,-8.1,3.4
-76,-8,-73,2.2,1650,751630,31,0,24.828302,102.8474,1998,486,1975,23,161.78,163.41,280.55,-8.1,3.4
-81,-9,-73,2,1650,751630,31,0,24.82832,102.8474,1998,487,1975,23,162.19,163.81,281.18,-8.08,3.4
-81,-9,-73,2,1650,751630,31,0,24.828337,102.847398,1998,488,1975,23,162.79,164.41,281.77,-8.05,3.4
-79,-10,-73,2.2,1650,751630,31,0,24.828348,102.847395,1998,489,1975,23,163.36,164.97,282.13,-8.03,3.4
-79,-10,-73,2.2,1650,751630,31,0,24.82836,102.847383,1998,490,1975,23,164.85,166.45,282.45,-7.95,3.4
-82,-11,-73,2.1,1650,751630,31,0,24.828372,102.847377,1998,491,1975,23,165.76,167.35,282.82,-7.91,3.4
-82,-11,-73,2.1,1650,751630,31,0,24.828372,102.847377,1998,492,1975,23,165.76,167.35,282.82,-7.91,3.4
-78,-14,-77,2.4,1650,751630,21,0,24.828402,102.847365,1998,493,1979,19,167.76,168.83,283.74,-6.47,3.4
-78,-14,-77,2.4,1650,751630,21,0,24.828418,102.84736,1998,494,1979,19,168.72,169.79,284.24,-6.43,3.4
-78,-14,-77,2.4,1650,751630,21,0,24.828443,102.847347,1998,495,1979,19,170.74,171.79,284.96,-6.36,3.4
-78,-11,-77,2.3,1650,751630,31,0,24.828443,102.847347,1998,496,1979,19,170.74,171.79,284.96,-6.36,3.4
-78,-11,-77,2.3,1650,751630,31,0,24.828455,102.847342,1998,497,1979,19,171.6,172.65,285.31,-6.33,3.4
-84,-14,-77,2.1,1650,751630,31,0,24.828455,102.847342,1998,498,1979,19,171.6,172.65,285.31,-6.33,3.4
-84,-14,-77,2.1,1650,751630,31,0,24.828462,102.84733,1998,499,1979,19,172.99,174.03,285.43,-6.28,3.4
-79,-9,-73,2.1,1650,751630,31,0,24.82846,102.847353,1998,500,1979,19,170.7,171.75,285.57,-6.36,3.4
-79,-9,-73,2.1,1650,751630,31,0,24.828453,102.847383,1998,501,1979,19,167.57,168.64,285.62,-6.48,3.4
-81,-11,-73,2.1,1650,751630,31,0,24.828452,102.847398,1998,502,1979,19,166.09,167.17,285.72,-6.53,3.4
-82,-12,-71,11.5,1650,751630,31,0,24.828447,102.847415,1998,503,1979,19,164.29,165.39,285.72,-6.61,3.4
-85,-12,-71,2,1650,751630,31,0,24.828445,102.847425,1998,504,1979,19,163.25,164.35,285.74,-6.65,3.4
-85,-12,-71,2,1650,751630,31,0,24.828447,102.847442,1998,505,1979,19,161.68,162.79,285.98,-6.71,3.4
-84,-11,-71,2,1650,751630,31,0,24.828443,102.847452,1998,506,1979,19,160.58,161.7,285.94,-6.76,3.4
-84,-11,-71,2,1650,751630,31,0,24.828442,102.847467,1998,507,1979,19,159.1,160.23,286.06,-6.82,3.4
-85,-11,-71,1.9,1650,751630,31,0,24.828438,102.847482,1998,508,1979,19,157.52,158.66,286.07,-6.89,3.4
-85,-11,-71,1.9,1650,751630,31,0,24.828435,102.847495,1998,509,1979,19,156.17,157.32,286.09,-6.94,3.4
-85,-9,-71,1.9,1650,751630,31,0,24.828433,102.847505,1998,510,1979,19,155.14,156.3,286.13,-6.99,3.4
-85,-9,-71,1.9,1650,751630,31,0,24.828432,102.847515,1998,511,1979,19,154.14,155.31,286.2,-7.04,3.4
-80,-7,-69,2,1650,751630,31,0,24.828433,102.847525,1998,512,1979,19,153.21,154.38,286.34,-7.08,3.4
-80,-7,-69,2,1650,751630,31,0,24.828435,102.847535,1998,513,1979,19,152.32,153.5,286.52,-7.12,3.4
-87,-10,-69,1.8,1650,751630,31,0,24.828477,102.847582,1998,514,1979,19,149.36,150.56,288.62,-7.26,3.4
-87,-10,-69,1.8,1650,751630,31,0,24.828483,102.84759,1998,515,1979,19,148.83,150.04,288.94,-7.28,3.4
-86,-11,-69,1.9,1650,751630,31,0,24.828492,102.847598,1998,516,1979,19,148.43,149.64,289.38,-7.3,3.4
-86,-11,-69,1.9,1650,751630,31,0,24.828492,102.847598,1998,517,1979,19,148.43,149.64,289.38,-7.3,3.4
-87,-10,-69,1.8,1650,751630,31,0,24.8285,102.847612,1998,518,1979,19,147.43,148.65,289.87,-7.35,3.4
-87,-10,-69,1.8,1650,751630,31,0,24.828497,102.847622,1998,519,1979,19,146.37,147.6,289.89,-7.4,3.4
-81,-9,-77,2,1650,751630,31,0,24.828492,102.847633,1998,520,1979,19,145.13,146.37,289.85,-7.47,3.4
-81,-9,-77,2,1650,751630,31,0,24.828482,102.847653,1998,521,1979,19,142.85,144.11,289.74,-7.58,3.4
-83,-9,-77,1.9,1650,751630,31,0,24.828475,102.847665,1998,522,1979,19,141.43,142.7,289.64,-7.66,3.4
-83,-9,-77,1.9,1650,751630,31,0,24.828468,102.847675,1998,523,1979,19,140.21,141.49,289.5,-7.72,3.4
-85,-10,-77,1.9,1650,751630,31,0,24.82846,102.847687,1998,524,1979,19,138.76,140.05,289.36,-7.8,3.4
-85,-10,-77,1.9,1650,751630,31,0,24.828452,102.847698,1998,525,1979,19,137.4,138.71,289.19,-7.88,3.4
-86,-9,-77,1.8,1650,751630,31,0,24.828445,102.847712,1998,526,1979,19,135.8,137.12,289.1,-7.97,3.4
-86,-9,-77,1.8,1650,751630,31,0,24.828445,102.847712,1998,527,1979,19,135.8,137.12,289.1,-7.97,3.4
-82,-8,-77,1.9,1650,751630,31,0,24.82844,102.847732,1998,528,1978,20,133.72,135.21,289.18,-8.51,3.4
-82,-9,-73,17,1650,751630,31,0,24.828438,102.847753,1998,529,1978,20,131.66,133.17,289.41,-8.65,3.4
-82,-9,-73,17,1650,751630,31,0,24.828438,102.847753,1998,530,1978,20,131.66,133.17,289.41,-8.65,3.4
-74,-8,-73,2.4,1650,751630,31,0,24.82843,102.847777,1998,531,1978,20,129.07,130.61,289.42,-8.82,3.4
-77,-8,-73,2.2,1650,751630,31,0,24.828433,102.847802,1998,532,1978,20,126.84,128.41,289.94,-8.97,3.4
-77,-8,-73,2.2,1650,751630,31,0,24.828435,102.847813,1998,533,1978,20,125.89,127.47,290.2,-9.04,3.4
-81,-8,-73,2,1650,751630,31,0,24.828435,102.847827,1998,534,1978,20,124.58,126.18,290.43,-9.13,3.4
-81,-8,-73,2,1650,751630,31,0,24.828435,102.847848,1998,535,1978,20,122.62,124.24,290.78,-9.27,3.4
-82,-8,-73,1.9,1650,751630,31,0,24.828435,102.84786,1998,536,1978,20,121.5,123.14,290.99,-9.36,3.4
-85,-9,-73,1.9,1650,751630,31,0,24.828428,102.847885,1998,537,1978,20,118.87,120.54,291.1,-9.56,3.4
-85,-9,-73,1.9,1650,751630,31,0,24.828427,102.847895,1998,538,1978,20,117.9,119.58,291.24,-9.64,3.4
-85,-9,-73,1.9,1650,751630,31,0,24.828427,102.847895,1998,539,1978,20,117.9,119.58,291.24,-9.64,3.4
-84,-10,-73,2,1650,751630,31,0,24.828425,102.847915,1998,540,1978,20,115.95,117.66,291.51,-9.79,3.4
-84,-10,-73,2,1650,751630,31,0,24.82843,102.84794,1998,541,1978,20,113.86,115.6,292.22,-9.97,3.4
-85,-9,-73,1.8,1650,751630,31,0,24.828432,102.847952,1998,542,1978,20,112.84,114.6,292.56,-10.06,3.4
-84,-9,-77,1.9,1650,751630,31,0,24.828432,102.847965,1998,543,1978,20,111.65,113.43,292.82,-10.16,3.4
-84,-9,-77,1.9,1650,751630,31,0,24.828433,102.84799,1998,544,1978,20,109.41,111.22,293.39,-10.37,3.4
-82,-9,-77,2,1650,751630,31,0,24.828435,102.848005,1998,545,1978,20,108.14,109.97,293.81,-10.49,3.4
-82,-9,-77,2,1650,751630,31,0,24.828443,102.84803,1998,546,1977,21,106.26,108.32,294.78,-11.19,3.4
-82,-9,-77,2,1650,751630,31,0,24.828445,102.84804,1998,547,1977,21,105.46,107.53,295.11,-11.27,3.4
-82,-9,-77,2,1650,751630,31,0,24.828447,102.848053,1998,548,1977,21,104.4,106.49,295.53,-11.38,3.4
-80,-9,-77,2,1650,751630,31,0,24.828447,102.848053,1998,549,1977,21,104.4,106.49,295.53,-11.38,3.4
-80,-9,-77,2,1650,751630,31,0,24.828447,102.84808,1998,550,1977,21,101.99,104.13,296.2,-11.64,3.4
-75,-8,-71,2.3,1650,751630,31,0,24.828445,102.848105,1998,551,1977,21,99.66,101.85,296.75,-11.9,3.4
-75,-8,-71,2.3,1650,751630,31,0,24.828445,102.848118,1998,552,1977,21,98.51,100.72,297.1,-12.04,3.4
-77,-9,-71,2.2,1650,751630,31,0,24.828445,102.848142,1998,553,1977,21,96.41,98.67,297.77,-12.29,3.4
-77,-9,-71,2.2,1650,751630,31,0,24.828442,102.848165,1998,554,1977,21,94.23,96.54,298.28,-12.57,3.4
-86,-11,-71,1.9,1650,751630,31,0,24.828442,102.848195,1998,555,1977,21,91.63,94.01,299.2,-12.91,3.4
-86,-11,-71,1.9,1650,751630,31,0,24.828442,102.848207,1998,556,1977,21,90.6,93,299.58,-13.05,3.4
-78,-10,-67,2.2,1650,751630,31,0,24.828443,102.848222,1998,557,1977,21,89.37,91.8,300.13,-13.22,3.4
-78,-10,-67,2.2,1650,751630,31,0,24.828447,102.848238,1998,558,1977,21,88.26,90.72,300.91,-13.38,3.4
-79,-10,-67,2.2,1650,751630,31,0,24.828447,102.848267,1998,559,1977,21,85.82,88.35,301.94,-13.75,3.4
-79,-10,-67,2.2,1650,751630,31,0,24.828448,102.848282,1998,560,1977,21,84.63,87.2,302.56,-13.93,3.4
-79,-12,-67,2.3,1650,751630,31,0,24.828448,102.848295,1998,561,1977,21,83.56,86.16,303.06,-14.1,3.4
-83,-9,-67,1.9,1650,751630,31,0,24.828445,102.848325,1998,562,1977,21,80.91,83.59,304.08,-14.55,3.4
-86,-10,-77,1.8,1650,751630,31,0,24.828448,102.848352,1998,563,1977,21,78.94,81.69,305.41,-14.89,3.4
-86,-12,-77,1.9,1650,751630,31,0,24.828455,102.848377,1998,564,1977,21,77.45,80.25,306.98,-15.16,3.4
-84,-9,-77,1.9,1650,751630,31,0,24.828468,102.848417,1998,565,1977,21,75.34,78.21,309.73,-15.56,3.4
-89,-10,-77,1.7,1650,751630,31,0,24.82848,102.848433,1998,566,1977,21,75.07,77.95,311.3,-15.61,3.4
-90,-13,-79,1.8,1650,751630,31,0,24.82849,102.848457,1998,567,1977,21,74.13,77.05,313.21,-15.8,3.4
-88,-12,-79,1.8,1650,751630,31,0,24.828495,102.848468,1998,568,1977,21,73.76,76.69,314.13,-15.87,3.4
-87,-9,-79,1.8,1650,751630,21,0,24.82852,102.848508,1998,569,1977,21,73.17,76.12,317.95,-15.99,3.4
-87,-9,-79,1.8,1650,751630,21,0,24.828533,102.848515,1998,570,1977,21,73.85,76.78,319.1,-15.85,3.4
-90,-10,-79,1.7,1650,751630,21,0,24.828548,102.848517,1998,571,1977,21,75.03,77.91,320.03,-15.61,3.4
-90,-10,-79,1.7,1650,751630,21,0,24.828558,102.84852,1998,572,1977,21,75.73,78.59,320.73,-15.47,3.4
-86,-9,-79,1.7,1650,751630,21,0,24.828583,102.848527,1998,573,1977,21,77.56,80.35,322.42,-15.12,3.4
-88,-10,-79,1.7,1650,751630,21,0,24.828603,102.848538,1998,574,1977,21,78.77,81.52,324.05,-14.9,3.4
-92,-12,-79,1.6,1650,751630,21,0,24.828623,102.848555,1998,575,1977,21,79.71,82.43,326.03,-14.73,3.4
-93,-13,-79,1.7,1650,751630,21,0,24.828648,102.848582,1998,576,1977,21,80.73,83.42,328.83,-14.55,3.4
-95,-14,-79,1.6,1650,751630,21,0,24.828653,102.848605,1998,577,1977,21,80.12,82.83,330.55,-14.65,3.4
-96,-13,-79,1.5,1650,751630,21,0,24.828662,102.848628,1998,578,1980,18,79.98,81.98,332.46,-12.65,3.4
-93,-14,-79,1.7,1650,751630,31,0,24.82866,102.84866,1998,579,1980,18,78.44,80.48,334.65,-12.89,3.4
-95,-12,-83,1.5,1650,751630,31,0,24.828657,102.848698,1998,580,1977,21,76.69,79.51,337.35,-15.27,3.4
-97,-13,-83,1.5,1650,751630,31,0,24.828653,102.84872,1998,581,1977,21,75.51,78.38,338.91,-15.49,3.4
-99,-17,-83,1.5,1650,751630,31,0,24.828647,102.848737,1998,582,1977,21,74.32,77.23,340.07,-15.73,3.4
-99,-17,-83,1.5,1650,751630,31,0,24.828647,102.848752,1998,583,1977,21,73.86,76.79,341.27,-15.82,3.4
-96,-11,-83,1.4,1650,751630,31,0,24.828655,102.84876,1998,584,1977,21,74.48,77.38,342.13,-15.7,3.4
-97,-12,-87,1.4,1650,751630,21,0,24.828675,102.848795,1998,585,1980,18,75.71,77.82,345.42,-13.33,3.4
-98,-14,-87,1.5,1650,751630,21,0,24.828683,102.848808,1998,586,1980,18,76.28,78.37,346.63,-13.23,3.4
-98,-13,-87,1.4,1650,751630,21,0,24.828693,102.84882,1998,587,1980,18,77.12,79.19,347.77,-13.09,3.4
-98,-13,-87,1.4,1650,751630,21,0,24.82871,102.848838,1998,588,1980,18,78.65,80.68,349.48,-12.85,3.4
-99,-15,-87,1.4,1650,751630,21,0,24.828708,102.848848,1998,589,1980,18,78.26,80.3,350.25,-12.91,3.4
-93,-14,-87,3.7,1650,751630,21,0,24.828708,102.848848,1998,590,1980,18,78.26,80.3,350.25,-12.91,3.4
-101,-11,-80,1.2,1650,751630,21,0,24.828466,102.848609,1998,591,1977,21,62.2,65.65,321.79,-18.62,3.4
-100,-11,-89,1.2,1650,751630,21,0,24.828475,102.848611,1998,592,1977,21,62.89,66.3,322.49,-18.43,3.4
-100,-12,-89,1.2,1650,751630,21,0,24.828475,102.848611,1998,593,1977,21,62.89,66.3,322.49,-18.43,3.4
-100,-12,-89,1.2,1650,751630,21,0,24.828475,102.848611,1998,594,1977,21,62.89,66.3,322.49,-18.43,3.4
-100,-12,-89,1.2,1650,751630,21,0,24.828475,102.848611,1998,595,1977,21,62.89,66.3,322.49,-18.43,3.4
-98,-11,-89,1.3,1650,751630,21,0,24.828475,102.848611,1998,596,1977,21,62.89,66.3,322.49,-18.43,3.4
-98,-11,-89,1.3,1650,751630,21,0,24.828475,102.848611,1998,597,1977,21,62.89,66.3,322.49,-18.43,3.4
-99,-11,-89,1.2,1650,751630,21,0,24.828475,102.848611,1998,598,1977,21,62.89,66.3,322.49,-18.43,3.4
-97,-11,-87,4,1650,751630,21,0,24.828475,102.848611,1998,599,1977,21,62.89,66.3,322.49,-18.43,3.4
-99,-12,-87,1.3,1650,751630,21,0,24.828475,102.848611,1998,600,1977,21,62.89,66.3,322.49,-18.43,3.4
-101,-14,-87,1.3,1650,751630,21,0,24.828475,102.848611,1998,601,1977,21,62.89,66.3,322.49,-18.43,3.4
-101,-14,-87,1.3,1650,751630,21,0,24.828475,102.848611,1998,602,1977,21,62.89,66.3,322.49,-18.43,3.4
-97,-10,-87,1.3,1650,751630,21,0,24.828475,102.848611,1998,603,1977,21,62.89,66.3,322.49,-18.43,3.4
-97,-10,-87,1.3,1650,751630,21,0,24.828475,102.848611,1998,604,1977,21,62.89,66.3,322.49,-18.43,3.4
-97,-10,-87,1.3,1650,751630,21,0,24.828475,102.848611,1998,605,1977,21,62.89,66.3,322.49,-18.43,3.4
-100,-13,-87,1.3,1650,751630,21,0,24.828475,102.848611,1998,606,1977,21,62.89,66.3,322.49,-18.43,3.4
-100,-13,-89,1.3,1650,751630,21,0,24.828475,102.848611,1998,607,1977,21,62.89,66.3,322.49,-18.43,3.4
-102,-15,-89,1.3,1650,751630,21,0,24.828475,102.848611,1998,608,1977,21,62.89,66.3,322.49,-18.43,3.4
-102,-15,-89,1.3,1650,751630,21,0,24.828475,102.848611,1998,609,1977,21,62.89,66.3,322.49,-18.43,3.4
-76,-11,-69,2.4,1650,751630,31,0,24.828537,102.846948,1998,610,1978,20,212.38,213.32,284.62,-5.39,3.4
-76,-11,-69,2.4,1650,751630,31,0,24.828568,102.846935,1998,611,1978,20,214.61,215.54,285.35,-5.33,3.4
-72,-11,-69,2.6,1650,751630,31,0,24.828615,102.84691,1998,612,1978,20,218.57,219.48,286.38,-5.23,3.4
-72,-11,-69,2.6,1650,751630,31,0,24.828655,102.846878,1998,613,1978,20,223.03,223.92,287.15,-5.13,3.4
-81,-11,-69,2.1,1650,751630,31,0,24.8287,102.846833,1998,614,1978,20,228.96,229.83,287.91,-5,3.4
-81,-11,-69,2.1,1650,751630,31,0,24.828748,102.846788,1998,615,1977,21,235.05,235.99,288.7,-5.11,3.4
-87,-9,-79,1.7,1506,751630,12,0,24.826948,102.848972,1998,616,1962,36,117.64,123.03,179.78,-16.95,3.4
-87,-9,-79,1.7,1506,751630,12,0,24.827023,102.848957,1998,617,1962,36,109.34,115.11,180.64,-18.16,3.4
-90,-13,-79,1.8,1506,751630,12,0,24.827057,102.84895,1998,618,1962,36,105.58,111.55,181.08,-18.76,3.4
-86,-9,-77,3.5,1506,751630,12,0,24.82709,102.848948,1998,619,1967,31,101.93,106.54,181.25,-16.86,3.4
-80,-7,-77,2,1506,751630,12,0,24.82715,102.848857,1998,620,1966,32,95.92,101.12,187.35,-18.38,3.4
-80,-7,-77,2,1506,751630,12,0,24.827162,102.848772,1998,621,1966,32,96,101.19,193.01,-18.37,3.4
-90,-11,-77,1.7,1506,751630,12,0,24.827162,102.848772,1998,622,1966,32,96,101.19,193.01,-18.37,3.4
-90,-11,-77,1.7,1506,751630,12,0,24.827157,102.8487,1998,623,1966,32,98.29,103.37,197.44,-17.98,3.4
-90,-12,-71,1.7,1650,751630,31,0,24.828285,102.847508,1998,624,1975,23,150.7,152.45,280.67,-8.69,3.4
-89,-13,-71,1.8,1650,751630,31,0,24.828247,102.847513,1998,625,1975,23,149.41,151.17,279.25,-8.76,3.4
-89,-13,-71,1.8,1650,751630,31,0,24.828242,102.847497,1998,626,1975,23,150.91,152.65,278.96,-8.68,3.4
-89,-13,-77,1.8,1650,751630,31,0,24.828242,102.847497,1998,627,1975,23,150.91,152.65,278.96,-8.68,3.4
-89,-13,-77,1.8,1650,751630,31,0,24.828227,102.847492,1998,628,1975,23,151.13,152.87,278.36,-8.67,3.4
-88,-10,-77,1.7,1650,751630,31,0,24.828218,102.8475,1998,629,1975,23,150.18,151.93,278.06,-8.72,3.4
-88,-10,-77,1.7,1650,751630,31,0,24.828208,102.84752,1998,630,1975,23,148.01,149.79,277.79,-8.85,3.4
-79,-8,-77,2.1,1650,751630,31,0,24.828213,102.847537,1998,631,1975,23,146.4,148.2,278.07,-8.94,3.4
-79,-8,-77,2.1,1650,751630,31,0,24.828228,102.847557,1998,632,1975,23,144.67,146.49,278.78,-9.05,3.4
-83,-9,-77,2,1650,751630,31,0,24.828248,102.847595,1998,633,1975,23,141.28,143.14,279.83,-9.26,3.4
-83,-9,-77,2,1650,751630,31,0,24.828258,102.847617,1998,634,1975,23,139.31,141.2,280.4,-9.39,3.4
-84,-9,-75,1.9,1650,751630,31,0,24.828275,102.84764,1998,635,1975,23,137.42,139.33,281.29,-9.52,3.4
-84,-9,-75,1.9,1650,751630,31,0,24.828308,102.847708,1998,636,1975,23,131.58,133.58,283.31,-9.93,3.4
-84,-10,-75,2,1650,751630,31,0,24.828312,102.847737,1998,637,1975,23,128.86,130.9,283.78,-10.13,3.4
-84,-10,-75,2,1650,751630,31,0,24.828308,102.847765,1998,638,1975,23,126.01,128.09,283.91,-10.36,3.4
-79,-9,-75,2.1,1650,751630,31,0,24.828303,102.847813,1998,639,1975,23,121.19,123.35,284.23,-10.76,3.4
-79,-9,-75,2.1,1650,751630,31,0,24.828295,102.847883,1998,640,1975,23,114.14,116.43,284.72,-11.41,3.4
-86,-10,-75,1.9,1650,751630,31,0,24.828292,102.847923,1998,641,1975,23,110.16,112.54,285.1,-11.81,3.4
-86,-10,-75,1.9,1650,751630,31,0,24.828292,102.847962,1998,642,1975,23,106.39,108.85,285.66,-12.21,3.4
-86,-11,-75,1.9,1650,751630,31,0,24.828288,102.848007,1998,643,1975,23,101.91,104.47,286.13,-12.73,3.4
-86,-11,-75,1.9,1650,751630,31,0,24.828278,102.848047,1998,644,1975,23,97.72,100.39,286.22,-13.26,3.4
-90,-11,-75,1.7,1650,751630,31,0,24.828263,102.84808,1998,645,1975,23,94.04,96.81,285.9,-13.76,3.4
-90,-11,-75,1.7,1650,751630,31,0,24.828252,102.84811,1998,646,1975,23,90.78,93.65,285.75,-14.23,3.4
-87,-10,-75,1.8,1650,751630,31,0,24.828238,102.848128,1998,647,1975,23,88.59,91.53,285.19,-14.57,3.4
-87,-10,-75,1.8,1650,751630,31,0,24.828215,102.848138,1998,648,1975,23,86.92,89.91,283.87,-14.84,3.4
-86,-10,-75,1.8,1650,751630,31,0,24.828215,102.848138,1998,649,1975,23,86.92,89.91,283.87,-14.84,3.4
-86,-10,-75,1.8,1650,751630,31,0,24.828202,102.848148,1998,650,1975,23,85.58,88.62,283.18,-15.06,3.4
-85,-13,-75,5.5,1650,751630,31,0,24.828195,102.848165,1998,651,1975,23,83.72,86.82,282.97,-15.38,3.4
-85,-13,-75,5.5,1650,751630,31,0,24.82819,102.848177,1998,652,1975,23,82.41,85.56,282.82,-15.61,3.4
-81,-8,-75,2,1650,751630,21,0,24.828195,102.848192,1998,653,1975,23,81.08,84.28,283.41,-15.86,3.4
-81,-8,-75,2,1650,751630,21,0,24.828195,102.848203,1998,654,1975,23,80,83.24,283.59,-16.06,3.4
-85,-10,-75,1.9,1650,751630,21,0,24.828198,102.848218,1998,655,1975,23,78.63,81.92,284.07,-16.33,3.4
-85,-10,-75,1.9,1650,751630,21,0,24.828188,102.848223,1998,656,1975,23,77.85,81.18,283.44,-16.48,3.4
-84,-9,-75,1.9,1650,751630,21,0,24.828168,102.848232,1998,657,1975,23,76.43,79.82,282.12,-16.77,3.4
-84,-9,-75,1.9,1650,751630,21,0,24.828095,102.848283,1998,658,1972,26,69.88,74.56,277.07,-20.44,3.4
-86,-11,-75,1.9,1650,751630,21,0,24.828057,102.848303,1998,659,1972,26,67.43,72.27,274.04,-21.12,3.4
-85,-11,-75,6.5,1650,751630,21,0,24.828027,102.848312,1998,660,1972,26,66.34,71.25,271.48,-21.43,3.4
-84,-11,-75,2,1650,751630,21,0,24.828,102.848318,1998,661,1972,26,65.72,70.68,269.12,-21.62,3.4
-84,-11,-75,2,1650,751630,21,0,24.827957,102.848353,1998,662,1973,25,62.45,67.27,265.07,-21.85,3.4
-82,-10,-75,2,1650,751630,21,0,24.827928,102.848362,1998,663,1973,25,61.93,66.79,262.29,-22.01,3.4
-82,-10,-75,2,1650,751630,21,0,24.82791,102.848377,1998,664,1973,25,60.76,65.7,260.4,-22.39,3.4
-80,-9,-75,2.1,1650,751630,21,0,24.82787,102.848393,1998,665,1973,25,60.16,65.15,256.32,-22.59,3.4
-81,-10,-73,10.7,1650,751630,21,0,24.827838,102.84839,1998,666,1970,28,61.46,67.54,253.43,-24.52,3.4
-76,-8,-73,2.2,1650,751630,21,0,24.827822,102.848368,1998,667,1970,28,64.13,69.98,252.6,-23.61,3.4
-71,-7,-73,2.4,1650,751630,21,0,24.827792,102.848312,1998,668,1970,28,70.57,75.92,251.62,-21.66,3.4
-81,-10,-73,2,1650,751630,21,0,24.827728,102.848233,1998,669,1970,28,80.6,85.33,249.01,-19.17,3.4
-82,-9,-73,2,1650,751630,31,0,24.82758,102.848177,1998,670,1967,31,93.07,98.1,241.47,-18.43,3.4
-80,-9,-73,2.1,1650,751630,31,0,24.827487,102.848158,1998,671,1967,31,100.3,104.98,237.15,-17.17,3.4
-82,-12,-73,2.1,1650,751630,31,0,24.827375,102.848177,1998,672,1967,31,106.5,110.92,231.24,-16.22,3.4
-80,-9,-75,2.1,1650,751630,31,0,24.827218,102.848738,1998,673,1966,32,90.76,96.24,196.19,-19.36,3.4
-80,-13,-69,7.7,1650,751630,31,0,24.827243,102.848745,1998,674,1966,32,87.9,93.54,196.21,-19.94,3.4
-80,-12,-69,2.2,1650,751630,31,0,24.827243,102.848745,1998,675,1966,32,87.9,93.54,196.21,-19.94,3.4
-81,-13,-69,2.2,1650,751630,31,0,24.827243,102.848745,1998,676,1966,32,87.9,93.54,196.21,-19.94,3.4
-81,-13,-69,2.2,1650,751630,31,0,24.827243,102.848745,1998,677,1966,32,87.9,93.54,196.21,-19.94,3.4
-81,-13,-69,2.2,1650,751630,31,0,24.827243,102.848745,1998,678,1966,32,87.9,93.54,196.21,-19.94,3.4
-81,-12,-69,2.2,1650,751630,31,0,24.827243,102.848745,1998,679,1966,32,87.9,93.54,196.21,-19.94,3.4
-81,-13,-69,2.3,1650,751630,31,0,24.827243,102.848745,1998,680,1966,32,87.9,93.54,196.21,-19.94,3.4
-81,-12,-69,2.2,1650,751630,31,0,24.827243,102.848745,1998,681,1966,32,87.9,93.54,196.21,-19.94,3.4
-81,-13,-69,2.2,1650,751630,31,0,24.827243,102.848745,1998,682,1966,32,87.9,93.54,196.21,-19.94,3.4
-81,-13,-69,2.2,1650,751630,31,0,24.827243,102.848745,1998,683,1966,32,87.9,93.54,196.21,-19.94,3.4
-80,-14,-69,3.7,1650,751630,31,0,24.827243,102.848745,1998,684,1966,32,87.9,93.54,196.21,-19.94,3.4
-81,-13,-69,2.2,1650,751630,31,0,24.827243,102.848745,1998,685,1966,32,87.9,93.54,196.21,-19.94,3.4
-84,-13,-69,2.1,1650,751630,31,0,24.827243,102.848745,1998,686,1966,32,87.9,93.54,196.21,-19.94,3.4
-80,-11,-71,2.2,1650,751630,11,0,24.827243,102.848745,1998,687,1966,32,87.9,93.54,196.21,-19.94,3.4
-88,-11,-69,1.8,1506,751630,12,0,24.830595,102.850163,1998,688,1993,5,310.78,310.82,24.81,-0.92,3.4
-88,-12,-77,1.8,1506,751630,12,0,24.830573,102.850167,1998,689,1993,5,308.69,308.73,25.07,-0.93,3.4
-88,-12,-77,1.8,1506,751630,12,0,24.830573,102.850167,1998,690,1993,5,308.69,308.73,25.07,-0.93,3.4
-88,-12,-77,1.8,1506,751630,12,0,24.830573,102.850167,1998,691,1993,5,308.69,308.73,25.07,-0.93,3.4
-88,-12,-77,1.8,1506,751630,12,0,24.830573,102.850167,1998,692,1993,5,308.69,308.73,25.07,-0.93,3.4
-89,-12,-77,1.8,1506,751630,12,0,24.830573,102.850167,1998,693,1993,5,308.69,308.73,25.07,-0.93,3.4
-89,-12,-77,1.8,1506,751630,12,0,24.830573,102.850167,1998,694,1993,5,308.69,308.73,25.07,-0.93,3.4
-91,-14,-77,1.8,1506,751630,12,0,24.830573,102.850167,1998,695,1993,5,308.69,308.73,25.07,-0.93,3.4
-91,-13,-71,1.7,1650,751630,21,0,24.828573,102.84853,1998,696,1977,21,76.48,79.31,322.12,-15.32,3.4
-90,-13,-79,-0.5,1650,751630,21,0,24.828548,102.84848,1998,697,1977,21,77.36,80.16,317.79,-15.16,3.4
-92,-13,-79,1.7,1650,751630,21,0,24.828515,102.848437,1998,698,1977,21,77.53,80.32,313.56,-15.14,3.4
-92,-13,-79,1.7,1650,751630,21,0,24.828482,102.848423,1998,699,1977,21,75.95,78.8,310.89,-15.44,3.4
-93,-13,-79,1.6,1650,751630,21,0,24.828482,102.848423,1998,700,1977,21,75.95,78.8,310.89,-15.44,3.4
-93,-13,-79,1.6,1650,751630,21,0,24.828445,102.848422,1998,701,1977,21,73.27,76.22,308.54,-15.98,3.4
-92,-11,-79,1.6,1650,751630,31,0,24.828422,102.848413,1998,702,1977,21,72.32,75.31,306.59,-16.18,3.4
-92,-11,-79,1.6,1650,751630,31,0,24.828402,102.848337,1998,703,1977,21,77.16,79.97,301.85,-15.22,3.4
-91,-13,-79,1.7,1650,751630,31,0,24.828398,102.848292,1998,704,1977,21,80.73,83.42,299.85,-14.58,3.4
-89,-13,-77,6.5,1650,751630,31,0,24.828397,102.84825,1998,705,1977,21,84.3,86.88,298.32,-13.99,3.4
-89,-13,-77,1.8,1650,751630,31,0,24.8284,102.848203,1998,706,1977,21,88.58,91.04,297.01,-13.34,3.4
-89,-13,-77,1.8,1650,751630,31,0,24.828403,102.848158,1998,707,1977,21,92.74,95.09,295.88,-12.77,3.4
-92,-13,-77,1.7,1650,751630,31,0,24.828408,102.848117,1998,708,1977,21,96.67,98.92,295.06,-12.26,3.4
-92,-13,-77,1.7,1650,751630,31,0,24.828418,102.848082,1998,709,1977,21,100.32,102.49,294.73,-11.83,3.4
-91,-12,-77,1.7,1650,751630,31,0,24.828428,102.848045,1998,710,1977,21,104.16,106.26,294.36,-11.41,3.4
-91,-12,-77,1.7,1650,751630,31,0,24.828437,102.848013,1998,711,1978,20,107.51,109.35,294.09,-10.55,3.4
-89,-11,-77,1.7,1650,751630,31,0,24.828445,102.847985,1998,712,1978,20,110.44,112.24,293.87,-10.27,3.4
-89,-11,-77,1.7,1650,751630,31,0,24.82845,102.847958,1998,713,1978,20,113.14,114.89,293.54,-10.03,3.4
-88,-10,-77,1.8,1650,751630,31,0,24.82845,102.847932,1998,714,1978,20,115.51,117.23,293.01,-9.83,3.4
-88,-10,-77,11,1650,751630,31,0,24.828455,102.847907,1998,715,1978,20,118.04,119.72,292.75,-9.62,3.4
-84,-10,-77,1.9,1650,751630,31,0,24.828465,102.847878,1998,716,1978,20,121.17,122.81,292.66,-9.38,3.4
-84,-10,-77,1.9,1650,751630,31,0,24.828473,102.84783,1998,717,1978,20,125.95,127.53,292.14,-9.03,3.4
-83,-10,-77,2,1650,751630,31,0,24.828472,102.847803,1998,718,1978,20,128.41,129.96,291.63,-8.86,3.4
-83,-10,-77,2,1650,751630,31,0,24.828475,102.847785,1998,719,1978,20,130.21,131.74,291.46,-8.74,3.4
-90,-12,-77,1.7,1650,751630,31,0,24.828485,102.847758,1998,720,1978,20,133.16,134.65,291.43,-8.55,3.4
-90,-12,-77,1.7,1650,751630,31,0,24.828485,102.847728,1998,721,1978,20,135.95,137.41,290.96,-8.38,3.4
-90,-11,-77,1.7,1650,751630,31,0,24.828483,102.8477,1998,722,1979,19,138.48,139.78,290.46,-7.82,3.4
-90,-11,-77,1.7,1650,751630,31,0,24.828478,102.847667,1998,723,1979,19,141.37,142.64,289.78,-7.66,3.4
-90,-12,-77,1.7,1650,751630,31,0,24.828478,102.847633,1998,724,1979,19,144.57,145.81,289.32,-7.49,3.4
-90,-12,-77,1.7,1650,751630,31,0,24.82848,102.847612,1998,725,1979,19,146.63,147.86,289.12,-7.39,3.4
-81,-12,-77,2.2,1650,751630,21,0,24.828532,102.847338,1998,726,1979,19,174.63,175.66,287.76,-6.22,3.4
-81,-12,-77,2.2,1650,751630,21,0,24.82854,102.84731,1998,727,1979,19,177.59,178.6,287.73,-6.11,3.4
-85,-14,-77,2.1,1650,751630,21,0,24.828547,102.847285,1998,728,1979,19,180.23,181.23,287.7,-6.02,3.4
-86,-14,-71,2,1650,751630,21,0,24.828557,102.847262,1998,729,1979,19,182.79,183.77,287.78,-5.94,3.4
-86,-14,-71,2,1650,751630,21,0,24.82856,102.847237,1998,730,1979,19,185.29,186.26,287.63,-5.86,3.4
-86,-14,-71,2,1650,751630,21,0,24.828568,102.847208,1998,731,1979,19,188.35,189.31,287.59,-5.77,3.4
-82,-13,-71,2.2,1650,751630,21,0,24.828587,102.847157,1998,732,1979,19,193.91,194.84,287.67,-5.6,3.4
-82,-13,-71,2.2,1650,751630,21,0,24.828595,102.847128,1998,733,1979,19,196.97,197.88,287.64,-5.52,3.4
-83,-10,-75,2,1650,751630,11,0,24.82636,102.849847,1998,734,1961,37,203.23,206.57,151.95,-10.29,3.4
-83,-10,-75,2,1650,751630,11,0,24.826388,102.849862,1998,735,1961,37,201.12,204.5,151.14,-10.4,3.4
-88,-14,-75,1.9,1650,751630,11,0,24.826397,102.849873,1998,736,1961,37,200.73,204.11,150.7,-10.42,3.4
-88,-14,-75,1.9,1650,751630,11,0,24.826403,102.849885,1998,737,1961,37,200.7,204.08,150.29,-10.42,3.4
-87,-13,-75,1.9,1650,751630,11,0,24.826415,102.849903,1998,738,1961,37,200.37,203.76,149.62,-10.44,3.4
-87,-13,-75,1.9,1650,751630,11,0,24.826427,102.84992,1998,739,1961,37,200.02,203.41,148.98,-10.45,3.4
-86,-15,-73,2.1,1650,751630,11,0,24.826442,102.849938,1998,740,1961,37,199.46,202.86,148.26,-10.48,3.4
-86,-15,-73,2.1,1650,751630,11,0,24.826457,102.849953,1998,741,1961,37,198.77,202.18,147.61,-10.52,3.4
-86,-13,-73,2,1650,751630,11,0,24.826465,102.849962,1998,742,1961,37,198.46,201.88,147.24,-10.54,3.4
-86,-13,-73,2,1650,751630,11,0,24.826473,102.84997,1998,743,1961,37,198.11,201.54,146.9,-10.55,3.4
-97,-9,-81,1.2,1506,751630,12,0,24.828992,102.852845,1998,744,1974,24,406.74,407.45,75.79,-3.38,3.4
-97,-9,-81,1.2,1506,751630,12,0,24.829007,102.852888,1998,745,1974,24,411.37,412.07,75.73,-3.34,3.4
-96,-15,-83,1.6,1650,751630,21,0,24.828977,102.849417,1998,746,1987,11,116.33,116.85,24.91,-5.39,3.4
-96,-15,-83,1.6,1650,751630,21,0,24.828957,102.84938,1998,747,1987,11,112.87,113.4,23.51,-5.55,3.4
-71,-12,-63,2.7,1650,751630,31,0,24.828687,102.846905,1998,748,1978,20,221.62,222.52,288.17,-5.16,3.4
-71,-12,-63,2.7,1650,751630,31,0,24.828732,102.846887,1998,749,1978,20,225.06,225.95,289.13,-5.08,3.4
-79,-10,-63,2.2,1650,751630,31,0,24.828772,102.846865,1998,750,1978,20,228.74,229.61,289.92,-5,3.4
-79,-10,-63,2.2,1650,751630,31,0,24.828808,102.846835,1998,751,1978,20,233.04,233.9,290.51,-4.91,3.4
